size,phase,id,partition,text,unique_terms,estimated_postings,estimated_query_rows,postings_per_heap_page,heap_pages,immutable_segments,dominant_term_share,default_ms,bitmap_ms,ratio,default_strategy
100k,vacuumed,244,train,akron beacon,2,119,119,0.011566874027993779,10288,3,0.5294117647058824,0.015,0.018,0.8333333333333334,scalar
100k,vacuumed,297,train,sleep study,2,2667,2662,0.25923405909797825,10288,3,0.9268841394825647,0.057,0.119,0.4789915966386555,scalar
100k,vacuumed,224,heldout,napa auto parts,3,2060,2056,0.20023328149300154,10288,3,0.8883495145631068,0.053,0.098,0.5408163265306122,scalar
100k,vacuumed,140,heldout,carolyn jones,2,742,742,0.07212286158631415,10288,3,0.9272237196765498,0.026,0.045,0.5777777777777777,scalar
100k,vacuumed,136,heldout,sarah fisher,2,599,599,0.05822317262830482,10288,3,0.7178631051752922,0.025,0.04,0.625,scalar
100k,vacuumed,103,train,anderson hospital,2,1994,1987,0.19381804043545878,10288,3,0.8124373119358074,0.053,0.101,0.5247524752475247,scalar
100k,vacuumed,220,train,business consultants,2,3267,3265,0.31755443234836706,10288,3,0.9859198041016223,0.067,0.133,0.5037593984962406,scalar
100k,vacuumed,126,heldout,the breakfast club,3,94621,89879,9.197220062208398,10288,3,0.9438919478762643,1.381,0.969,1.4251805985552115,scalar
100k,vacuumed,156,heldout,padre island,2,2376,2376,0.23094867807153965,10288,3,0.98989898989899,0.05,0.097,0.5154639175257733,scalar
100k,vacuumed,269,train,the british embassy,3,94219,89835,9.158145412130638,10288,3,0.9479192095012683,1.292,0.89,1.451685393258427,scalar
100k,vacuumed,235,train,tv party,2,6151,6069,0.5978810264385692,10288,3,0.6781011217688181,0.123,0.218,0.5642201834862385,scalar
100k,vacuumed,42,heldout,battle of the bulge,4,169406,97715,16.466368584758943,10288,3,0.5272068285656942,1.67,1.226,1.3621533442088092,scalar
100k,vacuumed,200,heldout,table lamps,2,969,968,0.09418740279937791,10288,3,0.9112487100103199,0.027,0.048,0.5625,scalar
100k,vacuumed,205,train,term life insurance,3,12309,12053,1.1964424572317263,10288,3,0.7922658217564383,0.243,0.382,0.6361256544502617,scalar
100k,vacuumed,150,train,gun magazines,2,1199,1195,0.11654354587869363,10288,3,0.5879899916597164,0.034,0.059,0.576271186440678,scalar
100k,vacuumed,213,heldout,too faced,2,2474,2462,0.24047433903576984,10288,3,0.6980598221503638,0.055,0.102,0.5392156862745099,scalar
100k,vacuumed,209,train,car stereo,2,1259,1258,0.1223755832037325,10288,3,0.937251787132645,0.031,0.059,0.5254237288135594,scalar
100k,vacuumed,211,train,domain names,2,1749,1743,0.17000388802488337,10288,3,0.7775871926815323,0.046,0.087,0.5287356321839081,scalar
100k,vacuumed,133,train,ellen degeneres show,3,3600,3593,0.3499222395023328,10288,3,0.9394444444444444,0.08,0.151,0.5298013245033113,scalar
100k,vacuumed,182,train,costume designers,2,304,304,0.029548989113530325,10288,3,0.5526315789473685,0.017,0.024,0.7083333333333334,scalar
100k,vacuumed,245,heldout,john wellington,2,5949,5933,0.578246500777605,10288,3,0.9542780299209951,0.107,0.207,0.5169082125603864,scalar
100k,vacuumed,227,train,cognitive impairment,2,200,199,0.019440124416796267,10288,3,0.62,0.015,0.019,0.7894736842105263,scalar
100k,vacuumed,230,heldout,mood swings,2,181,181,0.017593312597200622,10288,3,0.6961325966850829,0.013,0.017,0.7647058823529411,scalar
100k,vacuumed,43,train,secretary of state,3,91055,80962,8.85060264385692,10288,3,0.8588874855856351,1.187,0.933,1.272240085744909,scalar
100k,vacuumed,4,train,vicenza italy,2,1912,1912,0.18584758942457233,10288,3,0.9874476987447699,0.04,0.079,0.5063291139240507,scalar
100k,vacuumed,25,train,glass works,2,4882,4856,0.4745334370139969,10288,3,0.874436706267923,0.093,0.18,0.5166666666666667,scalar
100k,vacuumed,119,train,canadian real estate,3,4832,4757,0.46967340590979784,10288,3,0.40500827814569534,0.113,0.188,0.601063829787234,scalar
100k,vacuumed,111,train,kitchen accessories,2,421,420,0.04092146189735614,10288,3,0.7814726840855107,0.019,0.029,0.6551724137931034,scalar
100k,vacuumed,79,train,prayer times,2,4638,4626,0.45081648522550544,10288,3,0.9422164726175075,0.088,0.175,0.5028571428571429,scalar
100k,vacuumed,84,train,ace frehley,2,133,133,0.012927682737169518,10288,3,0.9548872180451128,0.012,0.014,0.8571428571428571,scalar
100k,vacuumed,254,train,civil war battlefields,3,8987,8831,0.8735419906687403,10288,3,0.740736619561589,0.181,0.292,0.6198630136986302,scalar
100k,vacuumed,108,train,missy elliott,2,183,183,0.017787713841368586,10288,3,0.9234972677595629,0.013,0.017,0.7647058823529411,scalar
100k,vacuumed,72,train,binghamton new york,3,20690,19974,2.011080870917574,10288,3,0.7881101981633639,0.408,0.618,0.6601941747572815,scalar
100k,vacuumed,135,train,the movement,2,91232,89517,8.867807153965785,10288,3,0.9789547527183444,0.999,0.796,1.2550251256281406,scalar
100k,vacuumed,180,heldout,western herald,2,4513,4505,0.4386664074650078,10288,3,0.9559051628628407,0.085,0.164,0.5182926829268293,scalar
100k,vacuumed,57,train,cured of cancer,3,78914,78361,7.670489891135303,10288,3,0.9910282079225486,1.045,0.776,1.3466494845360824,scalar
100k,vacuumed,232,heldout,little shop of horrors,4,81663,78956,7.937694401244168,10288,3,0.9576674871116663,1.187,0.847,1.4014167650531288,scalar
100k,vacuumed,260,train,new york towns,3,21410,20551,2.0810653188180406,10288,3,0.7616067258290519,0.354,0.503,0.7037773359840954,scalar
100k,vacuumed,178,heldout,times union,2,7756,7608,0.7538880248833593,10288,3,0.5634347601856627,0.155,0.263,0.5893536121673003,scalar
100k,vacuumed,285,train,animal rights,2,2148,2138,0.2087869362363919,10288,3,0.7257914338919925,0.05,0.094,0.5319148936170213,scalar
100k,vacuumed,249,train,king kalakaua,2,2614,2614,0.25408242612752724,10288,3,0.9996174445294568,0.051,0.106,0.4811320754716981,scalar
100k,vacuumed,268,train,bladder tumor,2,93,94,0.009039657853810265,10288,3,0.7526881720430108,0.012,0.013,0.9230769230769231,scalar
100k,vacuumed,127,train,lost episode,2,3864,3838,0.37558320373250387,10288,3,0.7779503105590062,0.078,0.148,0.5270270270270271,scalar
100k,vacuumed,262,train,hot springs south dakota,4,11017,10867,1.0708592534992223,10288,3,0.8623944812562404,0.224,0.355,0.6309859154929578,scalar
100k,vacuumed,302,train,a search engine is an information retrieval software system designed to help find information stored on one or more computer systems,20,372056,99741,36.16407465007776,10288,3,0.2236545036231105,6.74,3.407,1.9782800117405341,scalar
100k,vacuumed,112,train,consumer affairs,2,1411,1408,0.13715007776049767,10288,3,0.8235294117647058,0.039,0.067,0.582089552238806,scalar
100k,vacuumed,8,train,american funds,2,13039,12948,1.2673989113530326,10288,3,0.9430171025385382,0.21,0.358,0.5865921787709497,scalar
100k,vacuumed,62,heldout,connecticut post,2,4706,4686,0.4574261275272162,10288,3,0.8982150446238844,0.088,0.169,0.5207100591715975,scalar
100k,vacuumed,26,heldout,personal loan,2,4118,4096,0.40027216174183516,10288,3,0.848712967459932,0.082,0.154,0.5324675324675325,scalar
100k,vacuumed,278,train,elizabeth vargas,2,965,964,0.093798600311042,10288,3,0.9222797927461139,0.028,0.05,0.5599999999999999,scalar
100k,vacuumed,165,train,william wallace,2,3260,3254,0.3168740279937792,10288,3,0.9343558282208589,0.067,0.128,0.5234375,scalar
100k,vacuumed,13,train,french culinary institute,3,7248,7121,0.7045101088646968,10288,3,0.6037527593818984,0.159,0.261,0.6091954022988506,scalar
100k,vacuumed,301,train,to be or not to be,4,108095,76278,10.506901244167963,10288,3,0.5534576067348166,1.435,1.226,1.17047308319739,scalar
100k,vacuumed,267,heldout,danube river,2,4080,4078,0.3965785381026439,10288,3,0.9877450980392157,0.074,0.15,0.49333333333333335,scalar
100k,vacuumed,120,train,barrett jackson,2,590,590,0.05734836702954899,10288,3,0.8796610169491526,0.021,0.034,0.6176470588235294,scalar
100k,vacuumed,154,train,phone cases,2,1385,1380,0.13462286158631415,10288,3,0.7306859205776173,0.035,0.063,0.5555555555555556,scalar
100k,vacuumed,155,train,the incredibles,2,89313,89312,8.681279160186625,10288,3,0.9999888034216743,0.963,0.763,1.2621231979030143,scalar
100k,vacuumed,45,train,hempstead new york,3,20677,19964,2.0098172628304822,10288,3,0.7886056971514243,0.33,0.494,0.6680161943319839,scalar
100k,vacuumed,192,train,connecticut historical society,3,5518,5436,0.536353032659409,10288,3,0.5889815150416817,0.128,0.217,0.5898617511520737,scalar
100k,vacuumed,56,heldout,penny stocks,2,157,158,0.01526049766718507,10288,3,0.5477707006369427,0.013,0.016,0.8125,scalar
100k,vacuumed,160,train,game downloads,2,2933,2932,0.2850894245723173,10288,3,0.9774974428912376,0.058,0.117,0.49572649572649574,scalar
100k,vacuumed,38,train,new york population,3,24674,23163,2.3983281493001556,10288,3,0.6608575828807651,0.411,0.551,0.7459165154264972,scalar
100k,vacuumed,239,train,cartoon network,2,1851,1848,0.17991835147744945,10288,3,0.9238249594813615,0.042,0.082,0.5121951219512195,scalar
100k,vacuumed,173,heldout,printer ink,2,211,211,0.020509331259720064,10288,3,0.5450236966824644,0.014,0.018,0.7777777777777779,scalar
100k,vacuumed,118,train,elise neal,2,119,119,0.011566874027993779,10288,3,0.7226890756302521,0.012,0.014,0.8571428571428571,scalar
100k,vacuumed,197,train,ford parts,2,2238,2231,0.21753499222395023,10288,3,0.8176943699731903,0.05,0.098,0.5102040816326531,scalar
100k,vacuumed,274,train,water filters,2,3016,3014,0.2931570762052877,10288,3,0.9847480106100795,0.057,0.111,0.5135135135135135,scalar
100k,vacuumed,204,heldout,debra jo rupp,3,247,247,0.02400855365474339,10288,3,0.9392712550607287,0.017,0.022,0.7727272727272728,scalar
100k,vacuumed,85,train,the globe newspaper,3,90788,89469,8.824650077760497,10288,3,0.9837423448032779,1.228,0.825,1.4884848484848485,scalar
100k,vacuumed,131,heldout,john wilkes booth,3,5826,5818,0.5662908242612753,10288,3,0.9744249914177824,0.121,0.213,0.568075117370892,scalar
100k,vacuumed,5,train,digital scanning,2,979,978,0.09515940902021773,10288,3,0.95097037793667,0.027,0.049,0.5510204081632653,scalar
100k,vacuumed,222,train,ambassador of italy,3,80564,78718,7.830870917573873,10288,3,0.9707313440246264,1.094,0.809,1.3522867737948083,scalar
100k,vacuumed,183,heldout,the actors studio,3,92087,89607,8.95091368584759,10288,3,0.9698654533213157,1.448,0.955,1.5162303664921466,scalar
100k,vacuumed,146,train,pump it up,3,48787,44545,4.742126749611198,10288,3,0.7685448992559494,0.725,0.762,0.9514435695538057,scalar
100k,vacuumed,257,train,new york times best sellers list,6,35435,31207,3.4443040435458787,10288,3,0.46016650204599974,0.765,0.828,0.923913043478261,scalar
100k,vacuumed,212,train,premier wine,2,1289,1286,0.12529160186625193,10288,3,0.7975174553917765,0.034,0.06,0.5666666666666668,scalar
100k,vacuumed,23,train,san francisco,2,3376,3352,0.328149300155521,10288,3,0.7043838862559242,0.064,0.115,0.5565217391304348,scalar
100k,vacuumed,78,heldout,georgian architecture,2,1457,1454,0.1416213063763608,10288,3,0.8641043239533288,0.037,0.07,0.5285714285714285,scalar
100k,vacuumed,92,train,jonathan daniel,2,1154,1151,0.11216951788491446,10288,3,0.6967071057192374,0.033,0.058,0.5689655172413793,scalar
100k,vacuumed,144,heldout,mercedes benz,2,130,130,0.012636080870917573,10288,3,0.7,0.012,0.014,0.8571428571428571,scalar
100k,vacuumed,191,heldout,chicago teachers union,3,5384,5307,0.5233281493001555,10288,3,0.6289004457652303,0.122,0.212,0.5754716981132075,scalar
100k,vacuumed,216,train,ventura college,2,7165,7161,0.6964424572317263,10288,3,0.9933007676203768,0.121,0.233,0.51931330472103,scalar
100k,vacuumed,233,train,abilene tx,2,62,62,0.0060264385692068425,10288,3,0.6935483870967742,0.01,0.011,0.9090909090909092,scalar
100k,vacuumed,189,train,hawk mountain,2,1612,1611,0.15668740279937793,10288,3,0.9454094292803971,0.037,0.073,0.5068493150684932,scalar
100k,vacuumed,2,train,griffith observatory,2,236,236,0.022939346811819597,10288,3,0.5635593220338984,0.016,0.021,0.7619047619047619,scalar
100k,vacuumed,9,train,scottsdale az,2,151,151,0.014677293934681182,10288,3,0.8609271523178808,0.012,0.016,0.75,scalar
100k,vacuumed,215,train,jungle boy,2,1015,1015,0.09865863141524106,10288,3,0.864039408866995,0.027,0.05,0.5399999999999999,scalar
100k,vacuumed,252,train,music videos,2,5188,5167,0.5042768273716952,10288,3,0.9155744024672321,0.097,0.184,0.5271739130434783,scalar
100k,vacuumed,243,train,low estrogen,2,2030,2029,0.19731726283048212,10288,3,0.9793103448275862,0.044,0.086,0.5116279069767442,scalar
100k,vacuumed,263,train,home business,2,9397,9198,0.9133942457231726,10288,3,0.6572310311801639,0.194,0.327,0.5932721712538226,scalar
100k,vacuumed,129,heldout,critical care medicine,3,3493,3454,0.3395217729393468,10288,3,0.40681362725450904,0.089,0.151,0.5894039735099338,scalar
100k,vacuumed,66,train,iq scores,2,267,267,0.02595256609642302,10288,3,0.9325842696629213,0.014,0.02,0.7,scalar
100k,vacuumed,63,train,danbury ct,2,78,78,0.007581648522550544,10288,3,0.8076923076923077,0.011,0.012,0.9166666666666666,scalar
100k,vacuumed,107,train,walk the line,3,93834,89793,9.120723172628304,10288,3,0.9518085129057697,1.22,0.875,1.3942857142857144,scalar
100k,vacuumed,153,train,sky news,2,2182,2174,0.21209175738724728,10288,3,0.806141154903758,0.049,0.092,0.532608695652174,scalar
100k,vacuumed,193,train,shih tzu,2,18,18,0.001749611197511664,10288,3,0.6111111111111112,0.009,0.009,1.0,scalar
100k,vacuumed,225,train,law school rankings,3,12604,12289,1.2251166407465008,10288,3,0.7357188194224056,0.257,0.39,0.658974358974359,scalar
100k,vacuumed,202,heldout,immigration to mexico,3,61339,60433,5.962188958009332,10288,3,0.9753338006814588,0.848,0.754,1.1246684350132625,scalar
100k,vacuumed,96,heldout,tom welling,2,912,912,0.08864696734059098,10288,3,0.9978070175438597,0.024,0.045,0.5333333333333333,scalar
100k,vacuumed,169,train,time in denver,3,96171,85085,9.34788102643857,10288,3,0.8608104314190348,1.263,0.901,1.401775804661487,scalar
100k,vacuumed,59,train,helen of troy,3,78610,78294,7.640940902021773,10288,3,0.9948607047449434,1.057,0.772,1.3691709844559585,scalar
100k,vacuumed,77,train,famous quotes,2,1910,1907,0.18565318818040435,10288,3,0.9429319371727749,0.042,0.082,0.5121951219512195,scalar
100k,vacuumed,86,train,decorative windows,2,1114,1112,0.1082814930015552,10288,3,0.7145421903052065,0.031,0.055,0.5636363636363636,scalar
100k,vacuumed,290,train,canary bird,2,487,486,0.04733670295489891,10288,3,0.8459958932238193,0.018,0.03,0.6,scalar
100k,vacuumed,54,heldout,oxford dictionary,2,805,804,0.07824650077760498,10288,3,0.8149068322981367,0.025,0.043,0.5813953488372093,scalar
100k,vacuumed,157,train,worcester state college,3,18215,17415,1.77050933125972,10288,3,0.6042821850123524,0.341,0.483,0.7060041407867496,scalar
100k,vacuumed,95,train,time for kids,3,60409,54056,5.871792379471229,10288,3,0.7765730271979341,0.837,0.794,1.0541561712846346,scalar
100k,vacuumed,91,train,world bank president,3,18232,17436,1.7721617418351479,10288,3,0.6700307152259763,0.366,0.503,0.7276341948310139,scalar
100k,vacuumed,291,train,health literacy,2,2398,2389,0.23308709175738726,10288,3,0.8127606338615513,0.054,0.107,0.5046728971962617,scalar
100k,vacuumed,75,train,merry christmas,2,612,611,0.05948678071539658,10288,3,0.8774509803921569,0.024,0.04,0.6,scalar
100k,vacuumed,46,heldout,university of washington,3,91364,81029,8.880637636080872,10288,3,0.8559826627555711,1.263,0.954,1.3238993710691824,scalar
100k,vacuumed,101,train,hotel del coronado,3,1771,1763,0.17214230171073094,10288,3,0.5172219085262564,0.054,0.096,0.5625,scalar
100k,vacuumed,241,train,interracial love,2,2064,2064,0.2006220839813375,10288,3,0.9883720930232558,0.045,0.091,0.4945054945054945,scalar
100k,vacuumed,276,train,the preakness,2,89316,89312,8.681570762052877,10288,3,0.9999552151910072,1.051,0.863,1.2178447276940902,scalar
100k,vacuumed,187,train,the oregonian newspaper,3,90523,89441,8.798891912908243,10288,3,0.9866221844172199,1.274,0.834,1.5275779376498801,scalar
100k,vacuumed,132,train,sesame street,2,2818,2818,0.2739113530326594,10288,3,0.9914833215046132,0.056,0.116,0.48275862068965514,scalar
100k,vacuumed,186,heldout,bismarck state college,3,18153,17364,1.7644828926905132,10288,3,0.6063460585027268,0.338,0.48,0.7041666666666667,scalar
100k,vacuumed,52,train,jesus as a child,4,128621,90678,12.502041213063764,10288,3,0.6469550073471673,1.707,1.14,1.4973684210526317,scalar
100k,vacuumed,22,train,stone mountain,2,2967,2944,0.2883942457231726,10288,3,0.5136501516683518,0.07,0.125,0.56,scalar
100k,vacuumed,246,train,city in iran,3,91956,84355,8.938180404354588,10288,3,0.9002675192483361,1.241,0.889,1.3959505061867268,scalar
100k,vacuumed,11,train,the english restoration,3,94529,89867,9.188277604976673,10288,3,0.9448105872272001,1.289,0.871,1.4799081515499426,scalar
100k,vacuumed,87,train,ancient egypt,2,1852,1846,0.18001555209953343,10288,3,0.7122030237580994,0.043,0.079,0.5443037974683543,scalar
100k,vacuumed,93,heldout,clothing optional,2,442,442,0.04296267496111975,10288,3,0.7850678733031674,0.019,0.029,0.6551724137931034,scalar
100k,vacuumed,214,train,avon school,2,9348,9341,0.9086314152410575,10288,3,0.9919768934531451,0.154,0.295,0.5220338983050847,scalar
100k,vacuumed,194,train,robert fuller,2,2509,2506,0.24387636080870917,10288,3,0.9569549621363093,0.052,0.104,0.5,scalar
100k,vacuumed,277,train,blue ridge parkway,3,1820,1814,0.17690513219284604,10288,3,0.7225274725274725,0.05,0.085,0.5882352941176471,scalar
100k,vacuumed,109,train,portrait studio,2,2583,2575,0.2510692068429238,10288,3,0.8552071234998064,0.055,0.107,0.5140186915887851,scalar
100k,vacuumed,110,train,calvin klein,2,192,192,0.01866251944012442,10288,3,0.5,0.013,0.017,0.7647058823529411,scalar
100k,vacuumed,270,heldout,human trafficking,2,2064,2062,0.2006220839813375,10288,3,0.9622093023255814,0.047,0.09,0.5222222222222223,scalar
100k,vacuumed,266,train,edith head,2,5055,5048,0.49134914463452567,10288,3,0.9752720079129574,0.09,0.179,0.5027932960893855,scalar
100k,vacuumed,282,heldout,chicago public schools,3,8639,8437,0.8397161741835147,10288,3,0.6169695566616507,0.176,0.296,0.5945945945945946,scalar
100k,vacuumed,128,train,seal pictures,2,1329,1328,0.1291796267496112,10288,3,0.8592927012791572,0.034,0.064,0.53125,scalar
100k,vacuumed,240,train,robert reed,2,2591,2586,0.2518468118195957,10288,3,0.9266692396758008,0.053,0.104,0.5096153846153846,scalar
100k,vacuumed,256,heldout,eastern mennonite university,3,13927,13632,1.3537130637636081,10288,3,0.8133122711280247,0.263,0.42,0.6261904761904762,scalar
100k,vacuumed,148,train,graduate management admission test,4,4363,4299,0.42408631415241055,10288,3,0.41783176713270687,0.12,0.194,0.6185567010309277,scalar
100k,vacuumed,113,train,adobe buildings,2,1697,1696,0.16494945567651634,10288,3,0.9711255156157925,0.039,0.076,0.5131578947368421,scalar
100k,vacuumed,70,train,montgomery college,2,7271,7260,0.7067457231726283,10288,3,0.9788199697428139,0.123,0.238,0.5168067226890757,scalar
100k,vacuumed,51,train,intramuscular injections,2,19,19,0.0018468118195956453,10288,3,0.7894736842105263,0.012,0.012,1.0,scalar
100k,vacuumed,280,train,air mattress,2,2477,2476,0.24076594090202177,10288,3,0.9955591441259588,0.052,0.102,0.5098039215686274,scalar
100k,vacuumed,174,train,all funds,2,14347,14246,1.3945373250388802,10288,3,0.9482121697915941,0.225,0.389,0.5784061696658097,scalar
100k,vacuumed,16,train,milwaukee newspaper,2,1412,1409,0.13724727838258166,10288,3,0.8456090651558074,0.036,0.067,0.5373134328358208,scalar
100k,vacuumed,271,heldout,new england aquarium,3,19687,19135,1.9135886469673407,10288,3,0.8282623050744146,0.35,0.493,0.7099391480730223,scalar
100k,vacuumed,7,heldout,borders books,2,2534,2526,0.2463063763608087,10288,3,0.8484609313338595,0.054,0.106,0.5094339622641509,scalar
100k,vacuumed,64,train,chicago bulls,2,1395,1394,0.13559486780715396,10288,3,0.9254480286738351,0.035,0.063,0.5555555555555556,scalar
100k,vacuumed,255,heldout,national security cutter,3,15130,14956,1.4706454121306376,10288,3,0.9173165895571712,0.296,0.415,0.7132530120481928,scalar
100k,vacuumed,248,heldout,becoming a widow,3,85537,83601,8.314249611197512,10288,3,0.9728187801769994,1.141,0.806,1.4156327543424316,scalar
100k,vacuumed,116,train,mid continent airport,3,3154,3132,0.30657076205287714,10288,3,0.7127457197209892,0.076,0.135,0.5629629629629629,scalar
100k,vacuumed,80,train,columbia university,2,12278,12170,1.193429237947123,10288,3,0.9225443883368627,0.201,0.355,0.5661971830985916,scalar
100k,vacuumed,76,train,flow meter,2,777,776,0.0755248833592535,10288,3,0.6756756756756757,0.024,0.041,0.5853658536585366,scalar
100k,vacuumed,279,train,canon powershot,2,248,248,0.02410575427682737,10288,3,0.9919354838709677,0.014,0.02,0.7,scalar
100k,vacuumed,159,train,jefferson davis high school,4,17893,17027,1.7392107309486782,10288,3,0.5182473593025205,0.356,0.49,0.7265306122448979,scalar
100k,vacuumed,122,train,john donne,2,5692,5691,0.5532659409020217,10288,3,0.997364722417428,0.102,0.202,0.5049504950495048,scalar
100k,vacuumed,217,train,kansas city kings,3,9473,9396,0.9207814930015552,10288,3,0.9077377810619656,0.182,0.313,0.5814696485623003,scalar
100k,vacuumed,55,heldout,state of louisiana,3,89640,80688,8.713063763608087,10288,3,0.8724453369031683,1.197,0.879,1.3617747440273038,scalar
100k,vacuumed,61,train,sore muscles,2,84,84,0.008164852255054433,10288,3,0.7380952380952381,0.011,0.013,0.8461538461538461,scalar
100k,vacuumed,231,heldout,ugly people,2,7122,7117,0.6922628304821151,10288,3,0.9900308901993822,0.119,0.238,0.5,scalar
100k,vacuumed,141,train,aishwarya rai,2,117,117,0.011372472783825817,10288,3,0.8803418803418803,0.012,0.014,0.8571428571428571,scalar
100k,vacuumed,288,train,power rangers ninja storm,4,3149,3132,0.30608475894245724,10288,3,0.7894569704668148,0.082,0.14,0.5857142857142856,scalar
100k,vacuumed,161,heldout,chicken noodle soup,3,197,196,0.019148522550544323,10288,3,0.6345177664974619,0.017,0.021,0.8095238095238095,scalar
100k,vacuumed,30,heldout,graffiti art,2,3545,3542,0.3445762052877138,10288,3,0.9788434414668548,0.066,0.135,0.4888888888888889,scalar
100k,vacuumed,181,heldout,care a lot,3,85362,83571,8.297239502332815,10288,3,0.974813148707856,1.126,0.803,1.4022415940224158,scalar
100k,vacuumed,166,train,home loan,2,6799,6760,0.6608670295489891,10288,3,0.9083688777761435,0.12,0.227,0.5286343612334802,scalar
100k,vacuumed,27,train,texas state legislature,3,12928,12709,1.2566096423017108,10288,3,0.8514077970297029,0.245,0.382,0.6413612565445026,scalar
100k,vacuumed,199,train,roundabout theatre,2,1297,1296,0.1260692068429238,10288,3,0.9737856592135697,0.033,0.063,0.5238095238095238,scalar
100k,vacuumed,123,train,evening wear,2,986,984,0.0958398133748056,10288,3,0.6673427991886409,0.029,0.05,0.58,scalar
100k,vacuumed,151,train,bankruptcy laws,2,790,789,0.07678849144634525,10288,3,0.8556962025316456,0.025,0.043,0.5813953488372093,scalar
100k,vacuumed,177,train,edith wharton,2,164,164,0.01594090202177294,10288,3,0.7621951219512195,0.013,0.017,0.7647058823529411,scalar
100k,vacuumed,130,train,hurricane wilma,2,159,159,0.015454898911353033,10288,3,0.8867924528301887,0.013,0.017,0.7647058823529411,scalar
100k,vacuumed,44,train,third trimester,2,5555,5555,0.5399494556765163,10288,3,0.9996399639963996,0.098,0.195,0.5025641025641026,scalar
100k,vacuumed,114,train,national book award,3,20972,19879,2.038491446345257,10288,3,0.6617871447644479,0.392,0.521,0.7523992322456814,scalar
100k,vacuumed,14,heldout,color combinations,2,1043,1042,0.10138024883359253,10288,3,0.9280920421860019,0.035,0.07,0.5,scalar
100k,vacuumed,167,train,cherry blossom,2,189,188,0.018370917573872474,10288,3,0.746031746031746,0.019,0.02,0.95,scalar
100k,vacuumed,67,train,philadelphia phillies,2,622,622,0.060458786936236394,10288,3,0.9469453376205788,0.023,0.041,0.5609756097560975,scalar
100k,vacuumed,17,train,robert green ingersoll,3,4085,4044,0.3970645412130638,10288,3,0.5877600979192167,0.098,0.17,0.5764705882352941,scalar
100k,vacuumed,250,train,centerville high school,3,16989,16272,1.6513413685847589,10288,3,0.5458237683206781,0.322,0.451,0.7139689578713969,scalar
100k,vacuumed,50,heldout,kasota stone,2,1444,1443,0.14035769828926906,10288,3,0.9993074792243767,0.032,0.065,0.4923076923076923,scalar
100k,vacuumed,295,train,united states constitution,3,17272,16490,1.6788491446345257,10288,3,0.513837424733673,0.241,0.392,0.6147959183673469,scalar
100k,vacuumed,142,heldout,trendy clothes,2,241,241,0.0234253499222395,10288,3,0.950207468879668,0.014,0.02,0.7,scalar
100k,vacuumed,73,heldout,tallest trees in the world,5,185176,98399,17.999222395023327,10288,3,0.4823087225126366,2.023,1.436,1.408774373259053,scalar
100k,vacuumed,143,train,weather underground,2,1063,1060,0.10332426127527217,10288,3,0.5202257761053621,0.033,0.054,0.6111111111111112,scalar
100k,vacuumed,171,heldout,wildlife photography,2,829,828,0.08057931570762053,10288,3,0.5597104945717732,0.028,0.046,0.6086956521739131,scalar
100k,vacuumed,34,train,region iv,2,5131,5108,0.49873639191290825,10288,3,0.9015786396413954,0.097,0.197,0.49238578680203043,scalar
100k,vacuumed,251,train,foam mattress,2,43,43,0.004179626749611197,10288,3,0.7441860465116279,0.011,0.012,0.9166666666666666,scalar
100k,vacuumed,104,train,kenosha wisconsin,2,841,841,0.0817457231726283,10288,3,0.9833531510107015,0.025,0.045,0.5555555555555556,scalar
100k,vacuumed,210,train,playa del rey,3,1034,1033,0.1005054432348367,10288,3,0.8858800773694391,0.032,0.053,0.6037735849056604,scalar
100k,vacuumed,176,train,john klein,2,5773,5768,0.5611391912908242,10288,3,0.9833708643686125,0.106,0.202,0.5247524752475247,scalar
100k,vacuumed,115,train,back surgery,2,5591,5572,0.5434486780715396,10288,3,0.9345376497943123,0.105,0.198,0.5303030303030303,scalar
100k,vacuumed,28,train,spiritual warfare,2,774,773,0.07523328149300156,10288,3,0.6718346253229974,0.026,0.042,0.619047619047619,scalar
100k,vacuumed,175,heldout,zion national park,3,16867,16450,1.6394828926905132,10288,3,0.8228493508033438,0.301,0.448,0.671875,scalar
100k,vacuumed,53,train,montessori schools,2,2031,2030,0.1974144634525661,10288,3,0.9935992122107337,0.045,0.088,0.5113636363636364,scalar
100k,vacuumed,20,heldout,who dares wins,3,23813,23610,2.3146384136858478,10288,3,0.9626674505522194,0.403,0.552,0.730072463768116,scalar
100k,vacuumed,163,train,microsoft frontpage,2,188,188,0.01827371695178849,10288,3,0.9946808510638298,0.015,0.019,0.7894736842105263,scalar
100k,vacuumed,219,train,ron keel,2,342,342,0.03324261275272162,10288,3,0.8625730994152047,0.016,0.023,0.6956521739130435,scalar
100k,vacuumed,139,heldout,books on cd,3,49182,47879,4.780520995334371,10288,3,0.9432109308283518,0.711,0.711,1.0,scalar
100k,vacuumed,145,train,analog computer,2,939,938,0.09127138413685848,10288,3,0.9126730564430245,0.026,0.047,0.5531914893617021,scalar
100k,vacuumed,247,train,corpus christi tx,3,216,216,0.020995334370139968,10288,3,0.5416666666666666,0.016,0.02,0.8,scalar
100k,vacuumed,234,train,internet fraud,2,886,885,0.08611975116640747,10288,3,0.827313769751693,0.027,0.046,0.5869565217391305,scalar
100k,vacuumed,264,train,perfume bottles,2,113,113,0.01098367029548989,10288,3,0.7079646017699115,0.012,0.015,0.8,scalar
100k,vacuumed,83,train,international baseball,2,7291,7248,0.7086897356143079,10288,3,0.9089288163489233,0.131,0.245,0.5346938775510205,scalar
100k,vacuumed,272,train,the book of life,4,180797,97972,17.573580870917574,10288,3,0.4939904976299386,1.773,1.399,1.2673338098641886,scalar
100k,vacuumed,185,train,david koresh,2,2181,2181,0.2119945567651633,10288,3,0.9995414947271893,0.048,0.093,0.5161290322580645,scalar
100k,vacuumed,273,train,rolex watches,2,88,88,0.008553654743390357,10288,3,0.9318181818181818,0.012,0.013,0.9230769230769231,scalar
100k,vacuumed,90,train,good luck,2,2803,2799,0.2724533437013997,10288,3,0.948269711023903,0.055,0.11,0.5,scalar
100k,vacuumed,299,heldout,google satellite,2,586,586,0.056959564541213065,10288,3,0.6006825938566553,0.023,0.035,0.657142857142857,scalar
100k,vacuumed,164,train,camp claiborne,2,984,984,0.09564541213063764,10288,3,0.9806910569105691,0.027,0.049,0.5510204081632653,scalar
100k,vacuumed,149,heldout,big boss man,3,5661,5577,0.5502527216174183,10288,3,0.5663310369192722,0.127,0.213,0.5962441314553991,scalar
100k,vacuumed,293,train,jamie murray,2,459,458,0.04461508553654744,10288,3,0.6579520697167756,0.018,0.029,0.6206896551724137,scalar
100k,vacuumed,206,train,tennis elbow,2,607,607,0.05900077760497667,10288,3,0.9373970345963756,0.02,0.033,0.6060606060606061,scalar
100k,vacuumed,190,train,kristanna loken,2,4,3,0.00038880248833592535,10288,3,0.75,0.009,0.009,1.0,scalar
100k,vacuumed,287,heldout,central community college,3,16633,15745,1.6167379471228616,10288,3,0.4278843263392052,0.341,0.476,0.7163865546218489,scalar
100k,vacuumed,237,heldout,university of akron,3,89589,80686,8.708106531881803,10288,3,0.8729419906461731,1.201,0.886,1.3555304740406322,scalar
100k,vacuumed,58,train,lord of the rings,4,168646,97697,16.392496111975117,10288,3,0.5295826761381829,1.657,1.22,1.3581967213114754,scalar
100k,vacuumed,226,train,hsbc bank,2,1568,1567,0.15241057542768274,10288,3,0.9942602040816326,0.034,0.069,0.49275362318840576,scalar
100k,vacuumed,198,heldout,automatic writing,2,2229,2223,0.2166601866251944,10288,3,0.8618214445939884,0.05,0.096,0.5208333333333334,scalar
100k,vacuumed,6,train,plus size clothing,3,2295,2281,0.22307542768273717,10288,3,0.5812636165577342,0.061,0.106,0.5754716981132075,scalar
100k,vacuumed,39,heldout,most improved player,3,16755,16071,1.6285964230171073,10288,3,0.6313339301700984,0.322,0.444,0.7252252252252253,scalar
100k,vacuumed,69,train,naomi wallace,2,266,266,0.025855365474339035,10288,3,0.8045112781954887,0.015,0.021,0.7142857142857142,scalar
100k,vacuumed,221,train,open source software,3,5465,5382,0.531201399688958,10288,3,0.5833485818847209,0.125,0.207,0.6038647342995169,scalar
100k,vacuumed,68,heldout,trans siberian orchestra,3,776,775,0.07542768273716952,10288,3,0.6868556701030928,0.03,0.048,0.625,scalar
100k,vacuumed,152,train,antonio cromartie,2,624,623,0.060653188180404355,10288,3,0.9983974358974359,0.021,0.035,0.6,scalar
100k,vacuumed,259,train,rob halford,2,265,265,0.025758164852255055,10288,3,0.9735849056603774,0.014,0.02,0.7,scalar
100k,vacuumed,134,train,jaguar x type,3,3339,3312,0.3245528771384137,10288,3,0.6076669661575322,0.08,0.143,0.5594405594405595,scalar
100k,vacuumed,229,train,the progressive,2,89723,89356,8.721131415241057,10288,3,0.9954192347558597,0.998,0.791,1.261694058154235,scalar
100k,vacuumed,89,heldout,york photo,2,4665,4651,0.45344090202177295,10288,3,0.9341907824222937,0.093,0.188,0.4946808510638298,scalar
100k,vacuumed,31,train,texas death row,3,6617,6522,0.6431765163297045,10288,3,0.7189058485718604,0.143,0.245,0.5836734693877551,scalar
100k,vacuumed,47,train,japan airlines,2,2816,2812,0.2737169517884914,10288,3,0.9389204545454546,0.054,0.1,0.5399999999999999,scalar
100k,vacuumed,242,heldout,round table,2,3782,3756,0.3676127527216174,10288,3,0.766525647805394,0.078,0.143,0.5454545454545455,scalar
100k,vacuumed,283,train,george r brown convention center,5,12015,11480,1.1678654743390358,10288,3,0.29463171036204744,0.314,0.437,0.7185354691075515,scalar
100k,vacuumed,41,heldout,mercury insurance,2,496,496,0.04821150855365474,10288,3,0.7379032258064516,0.02,0.032,0.625,scalar
100k,vacuumed,60,train,long legs,2,5972,5953,0.5804821150855366,10288,3,0.9415606162089752,0.105,0.206,0.5097087378640777,scalar
100k,vacuumed,138,heldout,little brown jug,3,4688,4635,0.4556765163297045,10288,3,0.6038822525597269,0.107,0.182,0.5879120879120879,scalar
100k,vacuumed,201,train,the garden of eden,4,168388,97691,16.36741835147745,10288,3,0.5303940898401311,1.647,1.203,1.369077306733167,scalar
100k,vacuumed,296,heldout,niceville high school,3,16979,16264,1.650369362363919,10288,3,0.5461452382354673,0.318,0.45,0.7066666666666667,scalar
100k,vacuumed,117,train,developmental delays,2,251,251,0.024397356143079314,10288,3,0.5338645418326693,0.016,0.021,0.7619047619047619,scalar
100k,vacuumed,33,train,interest only,2,12817,12600,1.2458203732503887,10288,3,0.8434891160177889,0.217,0.37,0.5864864864864865,scalar
100k,vacuumed,1,train,the,1,89312,89312,8.681181959564542,10288,3,1.0,0.588,0.61,0.9639344262295082,scalar
100k,vacuumed,3,train,bowel obstruction,2,55,55,0.005346034214618973,10288,3,0.6181818181818182,0.012,0.013,0.9230769230769231,scalar
100k,vacuumed,300,train,laborers international union of north america,6,99200,82454,9.64230171073095,10288,3,0.7883669354838709,1.675,1.175,1.425531914893617,scalar
100k,vacuumed,82,train,american south,2,21797,20629,2.118681959564541,10288,3,0.5641143276597697,0.373,0.51,0.7313725490196078,scalar
100k,vacuumed,48,heldout,freedom tower,2,1765,1757,0.17155909797822705,10288,3,0.5365439093484419,0.045,0.081,0.5555555555555555,scalar
100k,vacuumed,10,train,wisconsin attorney general,3,6914,6835,0.672045101088647,10288,3,0.8053225339890078,0.144,0.255,0.5647058823529412,scalar
100k,vacuumed,35,heldout,army reserve,2,4134,4103,0.40182737169517885,10288,3,0.7595549104983067,0.082,0.154,0.5324675324675325,scalar
100k,vacuumed,106,train,cheap hotels,2,320,319,0.03110419906687403,10288,3,0.70625,0.016,0.023,0.6956521739130435,scalar
100k,vacuumed,49,train,virginia usa,2,2430,2415,0.23619751166407466,10288,3,0.528395061728395,0.057,0.102,0.5588235294117647,scalar
100k,vacuumed,172,train,david kim,2,2503,2495,0.24329315707620527,10288,3,0.87095485417499,0.052,0.103,0.5048543689320388,scalar
100k,vacuumed,74,heldout,reading museum,2,2708,2693,0.2632192846034215,10288,3,0.715288035450517,0.061,0.115,0.5304347826086956,scalar
100k,vacuumed,121,heldout,bmw engines,2,405,405,0.03936625194401244,10288,3,0.8617283950617284,0.017,0.026,0.653846153846154,scalar
100k,vacuumed,158,train,little cars,2,3370,3355,0.3275660964230171,10288,3,0.8400593471810089,0.069,0.133,0.518796992481203,scalar
100k,vacuumed,12,train,freelance work,2,8186,8173,0.7956842923794712,10288,3,0.9808209137551918,0.138,0.266,0.518796992481203,scalar
100k,vacuumed,162,train,music stands,2,5657,5614,0.5498639191290824,10288,3,0.839667668375464,0.107,0.203,0.5270935960591132,scalar
100k,vacuumed,125,heldout,critical care nurse,3,2820,2798,0.2741057542768274,10288,3,0.5039007092198582,0.072,0.124,0.5806451612903225,scalar
100k,vacuumed,207,heldout,kidney transplant,2,126,126,0.012247278382581649,10288,3,0.7222222222222222,0.013,0.016,0.8125,scalar
100k,vacuumed,265,heldout,old photos,2,5045,5033,0.49037713841368585,10288,3,0.9526263627353816,0.091,0.183,0.4972677595628415,scalar
100k,vacuumed,188,train,justin timberlake,2,213,213,0.020703732503888024,10288,3,0.9530516431924883,0.014,0.019,0.736842105263158,scalar
100k,vacuumed,236,train,new jersey police,3,18608,18223,1.8087091757387248,10288,3,0.8762897678417885,0.319,0.473,0.6744186046511629,scalar
100k,vacuumed,228,train,mushroom kingdom,2,1920,1920,0.18662519440124417,10288,3,0.9713541666666666,0.041,0.082,0.5,scalar
100k,vacuumed,21,train,west palm beach florida,4,8544,8397,0.8304821150855366,10288,3,0.755500936329588,0.188,0.3,0.6266666666666667,scalar
100k,vacuumed,100,train,fatherless children,2,4386,4386,0.42632192846034217,10288,3,0.9990880072959416,0.079,0.163,0.48466257668711654,scalar
100k,vacuumed,99,heldout,st petersburg high school,4,23610,21798,2.2949066874027992,10288,3,0.39275730622617533,0.484,0.6,0.8066666666666666,scalar
100k,vacuumed,298,train,true religion,2,1681,1675,0.16339424572317263,10288,3,0.6287923854848304,0.049,0.089,0.550561797752809,scalar
100k,vacuumed,196,train,bass fishing,2,898,897,0.08728615863141524,10288,3,0.534521158129176,0.028,0.048,0.5833333333333334,scalar
100k,vacuumed,203,heldout,the daily breeze,3,90693,89459,8.81541601866252,10288,3,0.9847728049573837,1.233,0.805,1.5316770186335404,scalar
100k,vacuumed,292,train,david thornton,2,2243,2241,0.21802099533437014,10288,3,0.9719126170307624,0.048,0.096,0.5,scalar
100k,vacuumed,71,heldout,belcourt castle,2,794,794,0.07717729393468119,10288,3,0.9974811083123426,0.023,0.041,0.5609756097560975,scalar
100k,vacuumed,32,train,catholic answers,2,1728,1726,0.16796267496111975,10288,3,0.9131944444444444,0.04,0.076,0.5263157894736842,scalar
100k,vacuumed,88,train,american academy of child and adolescent psychiatry,7,166050,94721,16.140163297045103,10288,3,0.47097862089732007,2.273,1.411,1.610914245216159,scalar
100k,vacuumed,94,train,xena warrior princess,3,545,545,0.05297433903576983,10288,3,0.7064220183486238,0.025,0.037,0.6756756756756758,scalar
100k,vacuumed,105,train,false prophets,2,357,357,0.034700622083981336,10288,3,0.907563025210084,0.017,0.025,0.68,scalar
100k,vacuumed,253,train,farmers almanac,2,428,428,0.041601866251944015,10288,3,0.955607476635514,0.018,0.028,0.6428571428571428,scalar
100k,vacuumed,284,heldout,warren county,2,7387,7366,0.7180209953343701,10288,3,0.9591173683498037,0.123,0.229,0.5371179039301309,scalar
100k,vacuumed,294,train,boulder city nevada,3,8924,8897,0.8674183514774495,10288,3,0.9635813536530704,0.253,0.392,0.6454081632653061,scalar
100k,vacuumed,137,train,dexter michigan,2,829,828,0.08057931570762053,10288,3,0.9445114595898673,0.035,0.06,0.5833333333333334,scalar
100k,vacuumed,29,train,georgia public broadcasting,3,6936,6845,0.6741835147744946,10288,3,0.7684544405997693,0.151,0.255,0.592156862745098,scalar
100k,vacuumed,223,heldout,los angeles daily news,4,5904,5775,0.5738724727838258,10288,3,0.2979336043360434,0.138,0.227,0.6079295154185023,scalar
100k,vacuumed,18,train,omaha symphony,2,305,304,0.02964618973561431,10288,3,0.7377049180327869,0.019,0.026,0.7307692307692308,scalar
100k,vacuumed,65,train,child support,2,5013,4957,0.48726671850699843,10288,3,0.6618791143028127,0.113,0.202,0.5594059405940593,scalar
100k,vacuumed,261,train,medal of honor,3,81044,78821,7.877527216174183,10288,3,0.9649819850945166,1.119,0.834,1.341726618705036,scalar
100k,vacuumed,275,train,general motors,2,5694,5686,0.5534603421461898,10288,3,0.9778714436248683,0.106,0.209,0.507177033492823,scalar
100k,vacuumed,238,train,the news journal,3,92306,89630,8.972200622083982,10288,3,0.9675644053474314,1.286,0.871,1.4764638346727899,scalar
100k,vacuumed,289,heldout,movie theatres,2,1339,1338,0.13015163297045101,10288,3,0.8976848394324123,0.039,0.071,0.5492957746478874,scalar
100k,vacuumed,218,heldout,new haven,2,16530,16493,1.6067262830482114,10288,3,0.9864488808227465,0.268,0.444,0.6036036036036037,scalar
100k,vacuumed,286,train,david lee roth,3,3179,3156,0.3090007776049767,10288,3,0.6857502359232464,0.081,0.141,0.574468085106383,scalar
100k,vacuumed,258,heldout,usb hub,2,213,213,0.020703732503888024,10288,3,0.7887323943661971,0.015,0.021,0.7142857142857142,scalar
100k,vacuumed,281,train,pocket pc,2,336,335,0.03265940902021773,10288,3,0.5714285714285714,0.019,0.027,0.7037037037037037,scalar
100k,vacuumed,15,heldout,italian translation,2,2615,2604,0.2541796267496112,10288,3,0.8065009560229446,0.066,0.118,0.5593220338983051,scalar
100k,vacuumed,102,heldout,law dictionary,2,3270,3265,0.317846034214619,10288,3,0.954434250764526,0.074,0.149,0.4966442953020134,scalar
100k,vacuumed,208,heldout,us coast guard,3,5536,5446,0.5381026438569206,10288,3,0.5202312138728323,0.144,0.23,0.6260869565217391,scalar
100k,vacuumed,36,train,chicken coop,2,147,147,0.014288491446345256,10288,3,0.8503401360544217,0.015,0.018,0.8333333333333334,scalar
100k,vacuumed,147,heldout,food carts,2,1267,1267,0.12315318818040435,10288,3,0.9834254143646409,0.032,0.06,0.5333333333333333,scalar
100k,vacuumed,184,heldout,personal chef,2,3628,3623,0.3526438569206843,10288,3,0.9633406835722161,0.074,0.15,0.49333333333333335,scalar
100k,vacuumed,37,train,people having sex,3,11852,11491,1.1520217729393467,10288,3,0.5949206884913939,0.273,0.419,0.6515513126491648,scalar
100k,vacuumed,168,train,miami dade college,3,7566,7533,0.7354199066874028,10288,3,0.9406555643669046,0.174,0.303,0.5742574257425742,scalar
100k,vacuumed,170,train,naked news,2,1912,1910,0.18584758942457233,10288,3,0.9199790794979079,0.053,0.1,0.5299999999999999,scalar
100k,vacuumed,97,heldout,elliott smith,2,1338,1336,0.13005443234836703,10288,3,0.8736920777279522,0.039,0.072,0.5416666666666667,scalar
100k,vacuumed,179,heldout,milan tennessee,2,902,900,0.08767496111975116,10288,3,0.6297117516629712,0.032,0.055,0.5818181818181818,scalar
100k,vacuumed,195,heldout,zip code,2,975,973,0.09477060653188181,10288,3,0.8871794871794871,0.029,0.051,0.5686274509803922,scalar
100k,vacuumed,81,train,fluid power,2,2645,2641,0.25709564541213065,10288,3,0.9398865784499055,0.056,0.117,0.4786324786324786,scalar
100k,vacuumed,24,train,ford modeling agency,3,1633,1626,0.15872861586314152,10288,3,0.6515615431720759,0.055,0.094,0.5851063829787234,scalar
100k,vacuumed,40,train,ear ache,2,178,178,0.017301710730948678,10288,3,0.9438202247191011,0.014,0.019,0.736842105263158,scalar
100k,vacuumed,98,train,heart disease,2,2086,2076,0.20276049766718507,10288,3,0.6687440076701822,0.061,0.11,0.5545454545454546,scalar
100k,vacuumed,19,heldout,body painting,2,3071,3053,0.2985031104199067,10288,3,0.7245197004233149,0.083,0.144,0.576388888888889,scalar
100k,vacuumed,124,train,toxic encephalopathy,2,119,119,0.011566874027993779,10288,3,0.957983193277311,0.016,0.019,0.8421052631578948,scalar
100k,vacuumed-repeat,244,train,akron beacon,2,119,119,0.011566874027993779,10288,3,0.5294117647058824,0.014,0.018,0.7777777777777779,scalar
100k,vacuumed-repeat,297,train,sleep study,2,2667,2662,0.25923405909797825,10288,3,0.9268841394825647,0.056,0.111,0.5045045045045045,scalar
100k,vacuumed-repeat,224,heldout,napa auto parts,3,2060,2056,0.20023328149300154,10288,3,0.8883495145631068,0.053,0.099,0.5353535353535354,scalar
100k,vacuumed-repeat,140,heldout,carolyn jones,2,742,742,0.07212286158631415,10288,3,0.9272237196765498,0.026,0.045,0.5777777777777777,scalar
100k,vacuumed-repeat,136,heldout,sarah fisher,2,599,599,0.05822317262830482,10288,3,0.7178631051752922,0.025,0.039,0.6410256410256411,scalar
100k,vacuumed-repeat,103,train,anderson hospital,2,1994,1987,0.19381804043545878,10288,3,0.8124373119358074,0.054,0.101,0.5346534653465346,scalar
100k,vacuumed-repeat,220,train,business consultants,2,3267,3265,0.31755443234836706,10288,3,0.9859198041016223,0.066,0.131,0.5038167938931297,scalar
100k,vacuumed-repeat,126,heldout,the breakfast club,3,94621,89879,9.197220062208398,10288,3,0.9438919478762643,1.26,0.874,1.4416475972540046,scalar
100k,vacuumed-repeat,156,heldout,padre island,2,2376,2376,0.23094867807153965,10288,3,0.98989898989899,0.048,0.097,0.4948453608247423,scalar
100k,vacuumed-repeat,269,train,the british embassy,3,94219,89835,9.158145412130638,10288,3,0.9479192095012683,1.296,0.883,1.4677236693091733,scalar
100k,vacuumed-repeat,235,train,tv party,2,6151,6069,0.5978810264385692,10288,3,0.6781011217688181,0.122,0.217,0.5622119815668203,scalar
100k,vacuumed-repeat,42,heldout,battle of the bulge,4,169406,97715,16.466368584758943,10288,3,0.5272068285656942,1.659,1.233,1.3454987834549879,scalar
100k,vacuumed-repeat,200,heldout,table lamps,2,969,968,0.09418740279937791,10288,3,0.9112487100103199,0.027,0.049,0.5510204081632653,scalar
100k,vacuumed-repeat,205,train,term life insurance,3,12309,12053,1.1964424572317263,10288,3,0.7922658217564383,0.241,0.382,0.6308900523560209,scalar
100k,vacuumed-repeat,150,train,gun magazines,2,1199,1195,0.11654354587869363,10288,3,0.5879899916597164,0.034,0.058,0.5862068965517242,scalar
100k,vacuumed-repeat,213,heldout,too faced,2,2474,2462,0.24047433903576984,10288,3,0.6980598221503638,0.055,0.103,0.5339805825242718,scalar
100k,vacuumed-repeat,209,train,car stereo,2,1259,1258,0.1223755832037325,10288,3,0.937251787132645,0.032,0.059,0.5423728813559322,scalar
100k,vacuumed-repeat,211,train,domain names,2,1749,1743,0.17000388802488337,10288,3,0.7775871926815323,0.042,0.079,0.5316455696202532,scalar
100k,vacuumed-repeat,133,train,ellen degeneres show,3,3600,3593,0.3499222395023328,10288,3,0.9394444444444444,0.08,0.15,0.5333333333333333,scalar
100k,vacuumed-repeat,182,train,costume designers,2,304,304,0.029548989113530325,10288,3,0.5526315789473685,0.018,0.026,0.6923076923076923,scalar
100k,vacuumed-repeat,245,heldout,john wellington,2,5949,5933,0.578246500777605,10288,3,0.9542780299209951,0.111,0.208,0.5336538461538461,scalar
100k,vacuumed-repeat,227,train,cognitive impairment,2,200,199,0.019440124416796267,10288,3,0.62,0.015,0.019,0.7894736842105263,scalar
100k,vacuumed-repeat,230,heldout,mood swings,2,181,181,0.017593312597200622,10288,3,0.6961325966850829,0.013,0.017,0.7647058823529411,scalar
100k,vacuumed-repeat,43,train,secretary of state,3,91055,80962,8.85060264385692,10288,3,0.8588874855856351,1.202,0.941,1.277364505844846,scalar
100k,vacuumed-repeat,4,train,vicenza italy,2,1912,1912,0.18584758942457233,10288,3,0.9874476987447699,0.039,0.078,0.5,scalar
100k,vacuumed-repeat,25,train,glass works,2,4882,4856,0.4745334370139969,10288,3,0.874436706267923,0.092,0.179,0.5139664804469274,scalar
100k,vacuumed-repeat,119,train,canadian real estate,3,4832,4757,0.46967340590979784,10288,3,0.40500827814569534,0.112,0.187,0.5989304812834225,scalar
100k,vacuumed-repeat,111,train,kitchen accessories,2,421,420,0.04092146189735614,10288,3,0.7814726840855107,0.019,0.029,0.6551724137931034,scalar
100k,vacuumed-repeat,79,train,prayer times,2,4638,4626,0.45081648522550544,10288,3,0.9422164726175075,0.085,0.172,0.494186046511628,scalar
100k,vacuumed-repeat,84,train,ace frehley,2,133,133,0.012927682737169518,10288,3,0.9548872180451128,0.012,0.015,0.8,scalar
100k,vacuumed-repeat,254,train,civil war battlefields,3,8987,8831,0.8735419906687403,10288,3,0.740736619561589,0.257,0.364,0.7060439560439561,scalar
100k,vacuumed-repeat,108,train,missy elliott,2,183,183,0.017787713841368586,10288,3,0.9234972677595629,0.015,0.022,0.6818181818181819,scalar
100k,vacuumed-repeat,72,train,binghamton new york,3,20690,19974,2.011080870917574,10288,3,0.7881101981633639,0.346,0.509,0.6797642436149312,scalar
100k,vacuumed-repeat,135,train,the movement,2,91232,89517,8.867807153965785,10288,3,0.9789547527183444,1.073,0.829,1.2943305186972256,scalar
100k,vacuumed-repeat,180,heldout,western herald,2,4513,4505,0.4386664074650078,10288,3,0.9559051628628407,0.098,0.178,0.550561797752809,scalar
100k,vacuumed-repeat,57,train,cured of cancer,3,78914,78361,7.670489891135303,10288,3,0.9910282079225486,1.059,0.784,1.350765306122449,scalar
100k,vacuumed-repeat,232,heldout,little shop of horrors,4,81663,78956,7.937694401244168,10288,3,0.9576674871116663,1.187,0.845,1.404733727810651,scalar
100k,vacuumed-repeat,260,train,new york towns,3,21410,20551,2.0810653188180406,10288,3,0.7616067258290519,0.366,0.521,0.7024952015355086,scalar
100k,vacuumed-repeat,178,heldout,times union,2,7756,7608,0.7538880248833593,10288,3,0.5634347601856627,0.169,0.267,0.6329588014981273,scalar
100k,vacuumed-repeat,285,train,animal rights,2,2148,2138,0.2087869362363919,10288,3,0.7257914338919925,0.05,0.092,0.5434782608695653,scalar
100k,vacuumed-repeat,249,train,king kalakaua,2,2614,2614,0.25408242612752724,10288,3,0.9996174445294568,0.053,0.107,0.4953271028037383,scalar
100k,vacuumed-repeat,268,train,bladder tumor,2,93,94,0.009039657853810265,10288,3,0.7526881720430108,0.013,0.015,0.8666666666666667,scalar
100k,vacuumed-repeat,127,train,lost episode,2,3864,3838,0.37558320373250387,10288,3,0.7779503105590062,0.083,0.16,0.51875,scalar
100k,vacuumed-repeat,262,train,hot springs south dakota,4,11017,10867,1.0708592534992223,10288,3,0.8623944812562404,0.251,0.39,0.6435897435897435,scalar
100k,vacuumed-repeat,302,train,a search engine is an information retrieval software system designed to help find information stored on one or more computer systems,20,372056,99741,36.16407465007776,10288,3,0.2236545036231105,6.363,3.322,1.915412402167369,scalar
100k,vacuumed-repeat,112,train,consumer affairs,2,1411,1408,0.13715007776049767,10288,3,0.8235294117647058,0.036,0.066,0.5454545454545454,scalar
100k,vacuumed-repeat,8,train,american funds,2,13039,12948,1.2673989113530326,10288,3,0.9430171025385382,0.21,0.359,0.584958217270195,scalar
100k,vacuumed-repeat,62,heldout,connecticut post,2,4706,4686,0.4574261275272162,10288,3,0.8982150446238844,0.115,0.23,0.5,scalar
100k,vacuumed-repeat,26,heldout,personal loan,2,4118,4096,0.40027216174183516,10288,3,0.848712967459932,0.084,0.221,0.3800904977375566,scalar
100k,vacuumed-repeat,278,train,elizabeth vargas,2,965,964,0.093798600311042,10288,3,0.9222797927461139,0.031,0.056,0.5535714285714286,scalar
100k,vacuumed-repeat,165,train,william wallace,2,3260,3254,0.3168740279937792,10288,3,0.9343558282208589,0.064,0.127,0.5039370078740157,scalar
100k,vacuumed-repeat,13,train,french culinary institute,3,7248,7121,0.7045101088646968,10288,3,0.6037527593818984,0.158,0.26,0.6076923076923076,scalar
100k,vacuumed-repeat,301,train,to be or not to be,4,108095,76278,10.506901244167963,10288,3,0.5534576067348166,1.425,1.202,1.1855241264559069,scalar
100k,vacuumed-repeat,267,heldout,danube river,2,4080,4078,0.3965785381026439,10288,3,0.9877450980392157,0.073,0.149,0.4899328859060403,scalar
100k,vacuumed-repeat,120,train,barrett jackson,2,590,590,0.05734836702954899,10288,3,0.8796610169491526,0.021,0.034,0.6176470588235294,scalar
100k,vacuumed-repeat,154,train,phone cases,2,1385,1380,0.13462286158631415,10288,3,0.7306859205776173,0.035,0.064,0.546875,scalar
100k,vacuumed-repeat,155,train,the incredibles,2,89313,89312,8.681279160186625,10288,3,0.9999888034216743,0.953,0.767,1.242503259452412,scalar
100k,vacuumed-repeat,45,train,hempstead new york,3,20677,19964,2.0098172628304822,10288,3,0.7886056971514243,0.333,0.498,0.6686746987951807,scalar
100k,vacuumed-repeat,192,train,connecticut historical society,3,5518,5436,0.536353032659409,10288,3,0.5889815150416817,0.126,0.216,0.5833333333333334,scalar
100k,vacuumed-repeat,56,heldout,penny stocks,2,157,158,0.01526049766718507,10288,3,0.5477707006369427,0.013,0.016,0.8125,scalar
100k,vacuumed-repeat,160,train,game downloads,2,2933,2932,0.2850894245723173,10288,3,0.9774974428912376,0.059,0.116,0.5086206896551724,scalar
100k,vacuumed-repeat,38,train,new york population,3,24674,23163,2.3983281493001556,10288,3,0.6608575828807651,0.409,0.549,0.744990892531876,scalar
100k,vacuumed-repeat,239,train,cartoon network,2,1851,1848,0.17991835147744945,10288,3,0.9238249594813615,0.042,0.082,0.5121951219512195,scalar
100k,vacuumed-repeat,173,heldout,printer ink,2,211,211,0.020509331259720064,10288,3,0.5450236966824644,0.014,0.018,0.7777777777777779,scalar
100k,vacuumed-repeat,118,train,elise neal,2,119,119,0.011566874027993779,10288,3,0.7226890756302521,0.012,0.014,0.8571428571428571,scalar
100k,vacuumed-repeat,197,train,ford parts,2,2238,2231,0.21753499222395023,10288,3,0.8176943699731903,0.05,0.098,0.5102040816326531,scalar
100k,vacuumed-repeat,274,train,water filters,2,3016,3014,0.2931570762052877,10288,3,0.9847480106100795,0.057,0.111,0.5135135135135135,scalar
100k,vacuumed-repeat,204,heldout,debra jo rupp,3,247,247,0.02400855365474339,10288,3,0.9392712550607287,0.017,0.022,0.7727272727272728,scalar
100k,vacuumed-repeat,85,train,the globe newspaper,3,90788,89469,8.824650077760497,10288,3,0.9837423448032779,1.236,0.826,1.4963680387409202,scalar
100k,vacuumed-repeat,131,heldout,john wilkes booth,3,5826,5818,0.5662908242612753,10288,3,0.9744249914177824,0.122,0.213,0.5727699530516432,scalar
100k,vacuumed-repeat,5,train,digital scanning,2,979,978,0.09515940902021773,10288,3,0.95097037793667,0.028,0.05,0.5599999999999999,scalar
100k,vacuumed-repeat,222,train,ambassador of italy,3,80564,78718,7.830870917573873,10288,3,0.9707313440246264,1.069,0.806,1.326302729528536,scalar
100k,vacuumed-repeat,183,heldout,the actors studio,3,92087,89607,8.95091368584759,10288,3,0.9698654533213157,1.256,0.851,1.4759106933019976,scalar
100k,vacuumed-repeat,146,train,pump it up,3,48787,44545,4.742126749611198,10288,3,0.7685448992559494,0.714,0.756,0.9444444444444444,scalar
100k,vacuumed-repeat,257,train,new york times best sellers list,6,35435,31207,3.4443040435458787,10288,3,0.46016650204599974,0.743,0.812,0.9150246305418719,scalar
100k,vacuumed-repeat,212,train,premier wine,2,1289,1286,0.12529160186625193,10288,3,0.7975174553917765,0.033,0.06,0.55,scalar
100k,vacuumed-repeat,23,train,san francisco,2,3376,3352,0.328149300155521,10288,3,0.7043838862559242,0.064,0.115,0.5565217391304348,scalar
100k,vacuumed-repeat,78,heldout,georgian architecture,2,1457,1454,0.1416213063763608,10288,3,0.8641043239533288,0.043,0.078,0.5512820512820512,scalar
100k,vacuumed-repeat,92,train,jonathan daniel,2,1154,1151,0.11216951788491446,10288,3,0.6967071057192374,0.038,0.066,0.5757575757575757,scalar
100k,vacuumed-repeat,144,heldout,mercedes benz,2,130,130,0.012636080870917573,10288,3,0.7,0.016,0.016,1.0,scalar
100k,vacuumed-repeat,191,heldout,chicago teachers union,3,5384,5307,0.5233281493001555,10288,3,0.6289004457652303,0.144,0.254,0.5669291338582677,scalar
100k,vacuumed-repeat,216,train,ventura college,2,7165,7161,0.6964424572317263,10288,3,0.9933007676203768,0.141,0.284,0.4964788732394366,scalar
100k,vacuumed-repeat,233,train,abilene tx,2,62,62,0.0060264385692068425,10288,3,0.6935483870967742,0.013,0.015,0.8666666666666667,scalar
100k,vacuumed-repeat,189,train,hawk mountain,2,1612,1611,0.15668740279937793,10288,3,0.9454094292803971,0.038,0.074,0.5135135135135135,scalar
100k,vacuumed-repeat,2,train,griffith observatory,2,236,236,0.022939346811819597,10288,3,0.5635593220338984,0.023,0.03,0.7666666666666667,scalar
100k,vacuumed-repeat,9,train,scottsdale az,2,151,151,0.014677293934681182,10288,3,0.8609271523178808,0.016,0.02,0.8,scalar
100k,vacuumed-repeat,215,train,jungle boy,2,1015,1015,0.09865863141524106,10288,3,0.864039408866995,0.031,0.057,0.543859649122807,scalar
100k,vacuumed-repeat,252,train,music videos,2,5188,5167,0.5042768273716952,10288,3,0.9155744024672321,0.111,0.212,0.5235849056603774,scalar
100k,vacuumed-repeat,243,train,low estrogen,2,2030,2029,0.19731726283048212,10288,3,0.9793103448275862,0.051,0.098,0.520408163265306,scalar
100k,vacuumed-repeat,263,train,home business,2,9397,9198,0.9133942457231726,10288,3,0.6572310311801639,0.211,0.342,0.6169590643274853,scalar
100k,vacuumed-repeat,129,heldout,critical care medicine,3,3493,3454,0.3395217729393468,10288,3,0.40681362725450904,0.11,0.177,0.6214689265536724,scalar
100k,vacuumed-repeat,66,train,iq scores,2,267,267,0.02595256609642302,10288,3,0.9325842696629213,0.016,0.022,0.7272727272727273,scalar
100k,vacuumed-repeat,63,train,danbury ct,2,78,78,0.007581648522550544,10288,3,0.8076923076923077,0.012,0.014,0.8571428571428571,scalar
100k,vacuumed-repeat,107,train,walk the line,3,93834,89793,9.120723172628304,10288,3,0.9518085129057697,1.322,0.913,1.447973713033954,scalar
100k,vacuumed-repeat,153,train,sky news,2,2182,2174,0.21209175738724728,10288,3,0.806141154903758,0.059,0.116,0.5086206896551724,scalar
100k,vacuumed-repeat,193,train,shih tzu,2,18,18,0.001749611197511664,10288,3,0.6111111111111112,0.011,0.012,0.9166666666666666,scalar
100k,vacuumed-repeat,225,train,law school rankings,3,12604,12289,1.2251166407465008,10288,3,0.7357188194224056,0.298,0.447,0.6666666666666666,scalar
100k,vacuumed-repeat,202,heldout,immigration to mexico,3,61339,60433,5.962188958009332,10288,3,0.9753338006814588,0.921,0.83,1.1096385542168676,scalar
100k,vacuumed-repeat,96,heldout,tom welling,2,912,912,0.08864696734059098,10288,3,0.9978070175438597,0.036,0.056,0.6428571428571428,scalar
100k,vacuumed-repeat,169,train,time in denver,3,96171,85085,9.34788102643857,10288,3,0.8608104314190348,1.445,1.043,1.3854266538830298,scalar
100k,vacuumed-repeat,59,train,helen of troy,3,78610,78294,7.640940902021773,10288,3,0.9948607047449434,1.13,0.853,1.3247362250879249,scalar
100k,vacuumed-repeat,77,train,famous quotes,2,1910,1907,0.18565318818040435,10288,3,0.9429319371727749,0.05,0.097,0.5154639175257733,scalar
100k,vacuumed-repeat,86,train,decorative windows,2,1114,1112,0.1082814930015552,10288,3,0.7145421903052065,0.035,0.061,0.5737704918032788,scalar
100k,vacuumed-repeat,290,train,canary bird,2,487,486,0.04733670295489891,10288,3,0.8459958932238193,0.021,0.035,0.6,scalar
100k,vacuumed-repeat,54,heldout,oxford dictionary,2,805,804,0.07824650077760498,10288,3,0.8149068322981367,0.027,0.05,0.5399999999999999,scalar
100k,vacuumed-repeat,157,train,worcester state college,3,18215,17415,1.77050933125972,10288,3,0.6042821850123524,0.395,0.567,0.6966490299823634,scalar
100k,vacuumed-repeat,95,train,time for kids,3,60409,54056,5.871792379471229,10288,3,0.7765730271979341,1.086,1.035,1.0492753623188407,scalar
100k,vacuumed-repeat,91,train,world bank president,3,18232,17436,1.7721617418351479,10288,3,0.6700307152259763,0.373,0.555,0.672072072072072,scalar
100k,vacuumed-repeat,291,train,health literacy,2,2398,2389,0.23308709175738726,10288,3,0.8127606338615513,0.06,0.115,0.5217391304347826,scalar
100k,vacuumed-repeat,75,train,merry christmas,2,612,611,0.05948678071539658,10288,3,0.8774509803921569,0.024,0.039,0.6153846153846154,scalar
100k,vacuumed-repeat,46,heldout,university of washington,3,91364,81029,8.880637636080872,10288,3,0.8559826627555711,1.37,1.05,1.3047619047619048,scalar
100k,vacuumed-repeat,101,train,hotel del coronado,3,1771,1763,0.17214230171073094,10288,3,0.5172219085262564,0.06,0.1,0.6,scalar
100k,vacuumed-repeat,241,train,interracial love,2,2064,2064,0.2006220839813375,10288,3,0.9883720930232558,0.053,0.103,0.5145631067961165,scalar
100k,vacuumed-repeat,276,train,the preakness,2,89316,89312,8.681570762052877,10288,3,0.9999552151910072,1.053,0.854,1.2330210772833723,scalar
100k,vacuumed-repeat,187,train,the oregonian newspaper,3,90523,89441,8.798891912908243,10288,3,0.9866221844172199,1.37,0.898,1.5256124721603563,scalar
100k,vacuumed-repeat,132,train,sesame street,2,2818,2818,0.2739113530326594,10288,3,0.9914833215046132,0.064,0.133,0.48120300751879697,scalar
100k,vacuumed-repeat,186,heldout,bismarck state college,3,18153,17364,1.7644828926905132,10288,3,0.6063460585027268,0.393,0.549,0.7158469945355191,scalar
100k,vacuumed-repeat,52,train,jesus as a child,4,128621,90678,12.502041213063764,10288,3,0.6469550073471673,1.812,1.185,1.5291139240506328,scalar
100k,vacuumed-repeat,22,train,stone mountain,2,2967,2944,0.2883942457231726,10288,3,0.5136501516683518,0.072,0.128,0.5625,scalar
100k,vacuumed-repeat,246,train,city in iran,3,91956,84355,8.938180404354588,10288,3,0.9002675192483361,1.395,1.025,1.3609756097560977,scalar
100k,vacuumed-repeat,11,train,the english restoration,3,94529,89867,9.188277604976673,10288,3,0.9448105872272001,1.381,0.97,1.4237113402061856,scalar
100k,vacuumed-repeat,87,train,ancient egypt,2,1852,1846,0.18001555209953343,10288,3,0.7122030237580994,0.052,0.097,0.5360824742268041,scalar
100k,vacuumed-repeat,93,heldout,clothing optional,2,442,442,0.04296267496111975,10288,3,0.7850678733031674,0.026,0.035,0.7428571428571428,scalar
100k,vacuumed-repeat,214,train,avon school,2,9348,9341,0.9086314152410575,10288,3,0.9919768934531451,0.176,0.336,0.5238095238095237,scalar
100k,vacuumed-repeat,194,train,robert fuller,2,2509,2506,0.24387636080870917,10288,3,0.9569549621363093,0.059,0.116,0.5086206896551724,scalar
100k,vacuumed-repeat,277,train,blue ridge parkway,3,1820,1814,0.17690513219284604,10288,3,0.7225274725274725,0.059,0.1,0.59,scalar
100k,vacuumed-repeat,109,train,portrait studio,2,2583,2575,0.2510692068429238,10288,3,0.8552071234998064,0.067,0.128,0.5234375,scalar
100k,vacuumed-repeat,110,train,calvin klein,2,192,192,0.01866251944012442,10288,3,0.5,0.016,0.023,0.6956521739130435,scalar
100k,vacuumed-repeat,270,heldout,human trafficking,2,2064,2062,0.2006220839813375,10288,3,0.9622093023255814,0.052,0.1,0.5199999999999999,scalar
100k,vacuumed-repeat,266,train,edith head,2,5055,5048,0.49134914463452567,10288,3,0.9752720079129574,0.109,0.204,0.5343137254901961,scalar
100k,vacuumed-repeat,282,heldout,chicago public schools,3,8639,8437,0.8397161741835147,10288,3,0.6169695566616507,0.211,0.346,0.6098265895953757,scalar
100k,vacuumed-repeat,128,train,seal pictures,2,1329,1328,0.1291796267496112,10288,3,0.8592927012791572,0.042,0.075,0.56,scalar
100k,vacuumed-repeat,240,train,robert reed,2,2591,2586,0.2518468118195957,10288,3,0.9266692396758008,0.072,0.122,0.5901639344262295,scalar
100k,vacuumed-repeat,256,heldout,eastern mennonite university,3,13927,13632,1.3537130637636081,10288,3,0.8133122711280247,0.327,0.486,0.6728395061728395,scalar
100k,vacuumed-repeat,148,train,graduate management admission test,4,4363,4299,0.42408631415241055,10288,3,0.41783176713270687,0.144,0.223,0.6457399103139013,scalar
100k,vacuumed-repeat,113,train,adobe buildings,2,1697,1696,0.16494945567651634,10288,3,0.9711255156157925,0.049,0.092,0.532608695652174,scalar
100k,vacuumed-repeat,70,train,montgomery college,2,7271,7260,0.7067457231726283,10288,3,0.9788199697428139,0.142,0.271,0.5239852398523984,scalar
100k,vacuumed-repeat,51,train,intramuscular injections,2,19,19,0.0018468118195956453,10288,3,0.7894736842105263,0.014,0.015,0.9333333333333333,scalar
100k,vacuumed-repeat,280,train,air mattress,2,2477,2476,0.24076594090202177,10288,3,0.9955591441259588,0.052,0.108,0.48148148148148145,scalar
100k,vacuumed-repeat,174,train,all funds,2,14347,14246,1.3945373250388802,10288,3,0.9482121697915941,0.313,0.493,0.6348884381338743,scalar
100k,vacuumed-repeat,16,train,milwaukee newspaper,2,1412,1409,0.13724727838258166,10288,3,0.8456090651558074,0.041,0.076,0.5394736842105263,scalar
100k,vacuumed-repeat,271,heldout,new england aquarium,3,19687,19135,1.9135886469673407,10288,3,0.8282623050744146,0.389,0.537,0.7243947858472998,scalar
100k,vacuumed-repeat,7,heldout,borders books,2,2534,2526,0.2463063763608087,10288,3,0.8484609313338595,0.067,0.127,0.5275590551181103,scalar
100k,vacuumed-repeat,64,train,chicago bulls,2,1395,1394,0.13559486780715396,10288,3,0.9254480286738351,0.038,0.07,0.5428571428571428,scalar
100k,vacuumed-repeat,255,heldout,national security cutter,3,15130,14956,1.4706454121306376,10288,3,0.9173165895571712,0.292,0.451,0.6474501108647449,scalar
100k,vacuumed-repeat,248,heldout,becoming a widow,3,85537,83601,8.314249611197512,10288,3,0.9728187801769994,1.315,0.937,1.4034151547491995,scalar
100k,vacuumed-repeat,116,train,mid continent airport,3,3154,3132,0.30657076205287714,10288,3,0.7127457197209892,0.088,0.154,0.5714285714285714,scalar
100k,vacuumed-repeat,80,train,columbia university,2,12278,12170,1.193429237947123,10288,3,0.9225443883368627,0.235,0.369,0.6368563685636857,scalar
100k,vacuumed-repeat,76,train,flow meter,2,777,776,0.0755248833592535,10288,3,0.6756756756756757,0.029,0.055,0.5272727272727273,scalar
100k,vacuumed-repeat,279,train,canon powershot,2,248,248,0.02410575427682737,10288,3,0.9919354838709677,0.017,0.026,0.653846153846154,scalar
100k,vacuumed-repeat,159,train,jefferson davis high school,4,17893,17027,1.7392107309486782,10288,3,0.5182473593025205,0.424,0.609,0.6962233169129721,scalar
100k,vacuumed-repeat,122,train,john donne,2,5692,5691,0.5532659409020217,10288,3,0.997364722417428,0.12,0.24,0.5,scalar
100k,vacuumed-repeat,217,train,kansas city kings,3,9473,9396,0.9207814930015552,10288,3,0.9077377810619656,0.222,0.375,0.592,scalar
100k,vacuumed-repeat,55,heldout,state of louisiana,3,89640,80688,8.713063763608087,10288,3,0.8724453369031683,1.277,0.992,1.287298387096774,scalar
100k,vacuumed-repeat,61,train,sore muscles,2,84,84,0.008164852255054433,10288,3,0.7380952380952381,0.013,0.014,0.9285714285714285,scalar
100k,vacuumed-repeat,231,heldout,ugly people,2,7122,7117,0.6922628304821151,10288,3,0.9900308901993822,0.145,0.279,0.5197132616487454,scalar
100k,vacuumed-repeat,141,train,aishwarya rai,2,117,117,0.011372472783825817,10288,3,0.8803418803418803,0.014,0.016,0.875,scalar
100k,vacuumed-repeat,288,train,power rangers ninja storm,4,3149,3132,0.30608475894245724,10288,3,0.7894569704668148,0.09,0.147,0.6122448979591837,scalar
100k,vacuumed-repeat,161,heldout,chicken noodle soup,3,197,196,0.019148522550544323,10288,3,0.6345177664974619,0.021,0.025,0.84,scalar
100k,vacuumed-repeat,30,heldout,graffiti art,2,3545,3542,0.3445762052877138,10288,3,0.9788434414668548,0.069,0.15,0.4600000000000001,scalar
100k,vacuumed-repeat,181,heldout,care a lot,3,85362,83571,8.297239502332815,10288,3,0.974813148707856,1.262,0.918,1.3747276688453158,scalar
100k,vacuumed-repeat,166,train,home loan,2,6799,6760,0.6608670295489891,10288,3,0.9083688777761435,0.134,0.245,0.5469387755102041,scalar
100k,vacuumed-repeat,27,train,texas state legislature,3,12928,12709,1.2566096423017108,10288,3,0.8514077970297029,0.295,0.447,0.6599552572706935,scalar
100k,vacuumed-repeat,199,train,roundabout theatre,2,1297,1296,0.1260692068429238,10288,3,0.9737856592135697,0.039,0.072,0.5416666666666667,scalar
100k,vacuumed-repeat,123,train,evening wear,2,986,984,0.0958398133748056,10288,3,0.6673427991886409,0.033,0.059,0.5593220338983051,scalar
100k,vacuumed-repeat,151,train,bankruptcy laws,2,790,789,0.07678849144634525,10288,3,0.8556962025316456,0.029,0.048,0.6041666666666666,scalar
100k,vacuumed-repeat,177,train,edith wharton,2,164,164,0.01594090202177294,10288,3,0.7621951219512195,0.016,0.02,0.8,scalar
100k,vacuumed-repeat,130,train,hurricane wilma,2,159,159,0.015454898911353033,10288,3,0.8867924528301887,0.015,0.019,0.7894736842105263,scalar
100k,vacuumed-repeat,44,train,third trimester,2,5555,5555,0.5399494556765163,10288,3,0.9996399639963996,0.115,0.225,0.5111111111111111,scalar
100k,vacuumed-repeat,114,train,national book award,3,20972,19879,2.038491446345257,10288,3,0.6617871447644479,0.471,0.603,0.7810945273631841,scalar
100k,vacuumed-repeat,14,heldout,color combinations,2,1043,1042,0.10138024883359253,10288,3,0.9280920421860019,0.033,0.059,0.5593220338983051,scalar
100k,vacuumed-repeat,167,train,cherry blossom,2,189,188,0.018370917573872474,10288,3,0.746031746031746,0.015,0.02,0.75,scalar
100k,vacuumed-repeat,67,train,philadelphia phillies,2,622,622,0.060458786936236394,10288,3,0.9469453376205788,0.025,0.04,0.625,scalar
100k,vacuumed-repeat,17,train,robert green ingersoll,3,4085,4044,0.3970645412130638,10288,3,0.5877600979192167,0.113,0.198,0.5707070707070707,scalar
100k,vacuumed-repeat,250,train,centerville high school,3,16989,16272,1.6513413685847589,10288,3,0.5458237683206781,0.419,0.543,0.7716390423572743,scalar
100k,vacuumed-repeat,50,heldout,kasota stone,2,1444,1443,0.14035769828926906,10288,3,0.9993074792243767,0.036,0.069,0.5217391304347825,scalar
100k,vacuumed-repeat,295,train,united states constitution,3,17272,16490,1.6788491446345257,10288,3,0.513837424733673,0.27,0.431,0.6264501160092808,scalar
100k,vacuumed-repeat,142,heldout,trendy clothes,2,241,241,0.0234253499222395,10288,3,0.950207468879668,0.017,0.023,0.7391304347826088,scalar
100k,vacuumed-repeat,73,heldout,tallest trees in the world,5,185176,98399,17.999222395023327,10288,3,0.4823087225126366,2.197,1.536,1.4303385416666667,scalar
100k,vacuumed-repeat,143,train,weather underground,2,1063,1060,0.10332426127527217,10288,3,0.5202257761053621,0.039,0.063,0.6190476190476191,scalar
100k,vacuumed-repeat,171,heldout,wildlife photography,2,829,828,0.08057931570762053,10288,3,0.5597104945717732,0.041,0.056,0.7321428571428572,scalar
100k,vacuumed-repeat,34,train,region iv,2,5131,5108,0.49873639191290825,10288,3,0.9015786396413954,0.114,0.202,0.5643564356435643,scalar
100k,vacuumed-repeat,251,train,foam mattress,2,43,43,0.004179626749611197,10288,3,0.7441860465116279,0.013,0.015,0.8666666666666667,scalar
100k,vacuumed-repeat,104,train,kenosha wisconsin,2,841,841,0.0817457231726283,10288,3,0.9833531510107015,0.025,0.046,0.5434782608695653,scalar
100k,vacuumed-repeat,210,train,playa del rey,3,1034,1033,0.1005054432348367,10288,3,0.8858800773694391,0.036,0.06,0.6,scalar
100k,vacuumed-repeat,176,train,john klein,2,5773,5768,0.5611391912908242,10288,3,0.9833708643686125,0.116,0.231,0.5021645021645021,scalar
100k,vacuumed-repeat,115,train,back surgery,2,5591,5572,0.5434486780715396,10288,3,0.9345376497943123,0.117,0.227,0.5154185022026432,scalar
100k,vacuumed-repeat,28,train,spiritual warfare,2,774,773,0.07523328149300156,10288,3,0.6718346253229974,0.033,0.051,0.6470588235294118,scalar
100k,vacuumed-repeat,175,heldout,zion national park,3,16867,16450,1.6394828926905132,10288,3,0.8228493508033438,0.36,0.526,0.6844106463878327,scalar
100k,vacuumed-repeat,53,train,montessori schools,2,2031,2030,0.1974144634525661,10288,3,0.9935992122107337,0.047,0.099,0.47474747474747475,scalar
100k,vacuumed-repeat,20,heldout,who dares wins,3,23813,23610,2.3146384136858478,10288,3,0.9626674505522194,0.459,0.605,0.7586776859504133,scalar
100k,vacuumed-repeat,163,train,microsoft frontpage,2,188,188,0.01827371695178849,10288,3,0.9946808510638298,0.016,0.021,0.7619047619047619,scalar
100k,vacuumed-repeat,219,train,ron keel,2,342,342,0.03324261275272162,10288,3,0.8625730994152047,0.017,0.026,0.653846153846154,scalar
100k,vacuumed-repeat,139,heldout,books on cd,3,49182,47879,4.780520995334371,10288,3,0.9432109308283518,0.792,0.801,0.9887640449438202,scalar
100k,vacuumed-repeat,145,train,analog computer,2,939,938,0.09127138413685848,10288,3,0.9126730564430245,0.031,0.055,0.5636363636363636,scalar
100k,vacuumed-repeat,247,train,corpus christi tx,3,216,216,0.020995334370139968,10288,3,0.5416666666666666,0.019,0.024,0.7916666666666666,scalar
100k,vacuumed-repeat,234,train,internet fraud,2,886,885,0.08611975116640747,10288,3,0.827313769751693,0.032,0.054,0.5925925925925926,scalar
100k,vacuumed-repeat,264,train,perfume bottles,2,113,113,0.01098367029548989,10288,3,0.7079646017699115,0.015,0.018,0.8333333333333334,scalar
100k,vacuumed-repeat,83,train,international baseball,2,7291,7248,0.7086897356143079,10288,3,0.9089288163489233,0.157,0.286,0.548951048951049,scalar
100k,vacuumed-repeat,272,train,the book of life,4,180797,97972,17.573580870917574,10288,3,0.4939904976299386,1.912,1.523,1.2554169402495077,scalar
100k,vacuumed-repeat,185,train,david koresh,2,2181,2181,0.2119945567651633,10288,3,0.9995414947271893,0.052,0.104,0.5,scalar
100k,vacuumed-repeat,273,train,rolex watches,2,88,88,0.008553654743390357,10288,3,0.9318181818181818,0.012,0.014,0.8571428571428571,scalar
100k,vacuumed-repeat,90,train,good luck,2,2803,2799,0.2724533437013997,10288,3,0.948269711023903,0.067,0.128,0.5234375,scalar
100k,vacuumed-repeat,299,heldout,google satellite,2,586,586,0.056959564541213065,10288,3,0.6006825938566553,0.026,0.039,0.6666666666666666,scalar
100k,vacuumed-repeat,164,train,camp claiborne,2,984,984,0.09564541213063764,10288,3,0.9806910569105691,0.036,0.062,0.5806451612903225,scalar
100k,vacuumed-repeat,149,heldout,big boss man,3,5661,5577,0.5502527216174183,10288,3,0.5663310369192722,0.153,0.247,0.6194331983805668,scalar
100k,vacuumed-repeat,293,train,jamie murray,2,459,458,0.04461508553654744,10288,3,0.6579520697167756,0.025,0.033,0.7575757575757576,scalar
100k,vacuumed-repeat,206,train,tennis elbow,2,607,607,0.05900077760497667,10288,3,0.9373970345963756,0.028,0.039,0.717948717948718,scalar
100k,vacuumed-repeat,190,train,kristanna loken,2,4,3,0.00038880248833592535,10288,3,0.75,0.016,0.014,1.1428571428571428,scalar
100k,vacuumed-repeat,287,heldout,central community college,3,16633,15745,1.6167379471228616,10288,3,0.4278843263392052,0.39,0.542,0.7195571955719557,scalar
100k,vacuumed-repeat,237,heldout,university of akron,3,89589,80686,8.708106531881803,10288,3,0.8729419906461731,1.306,0.965,1.3533678756476686,scalar
100k,vacuumed-repeat,58,train,lord of the rings,4,168646,97697,16.392496111975117,10288,3,0.5295826761381829,1.728,1.301,1.3282090699461953,scalar
100k,vacuumed-repeat,226,train,hsbc bank,2,1568,1567,0.15241057542768274,10288,3,0.9942602040816326,0.036,0.071,0.5070422535211268,scalar
100k,vacuumed-repeat,198,heldout,automatic writing,2,2229,2223,0.2166601866251944,10288,3,0.8618214445939884,0.059,0.112,0.5267857142857143,scalar
100k,vacuumed-repeat,6,train,plus size clothing,3,2295,2281,0.22307542768273717,10288,3,0.5812636165577342,0.074,0.128,0.578125,scalar
100k,vacuumed-repeat,39,heldout,most improved player,3,16755,16071,1.6285964230171073,10288,3,0.6313339301700984,0.376,0.492,0.7642276422764228,scalar
100k,vacuumed-repeat,69,train,naomi wallace,2,266,266,0.025855365474339035,10288,3,0.8045112781954887,0.017,0.023,0.7391304347826088,scalar
100k,vacuumed-repeat,221,train,open source software,3,5465,5382,0.531201399688958,10288,3,0.5833485818847209,0.136,0.228,0.5964912280701754,scalar
100k,vacuumed-repeat,68,heldout,trans siberian orchestra,3,776,775,0.07542768273716952,10288,3,0.6868556701030928,0.036,0.057,0.631578947368421,scalar
100k,vacuumed-repeat,152,train,antonio cromartie,2,624,623,0.060653188180404355,10288,3,0.9983974358974359,0.024,0.04,0.6,scalar
100k,vacuumed-repeat,259,train,rob halford,2,265,265,0.025758164852255055,10288,3,0.9735849056603774,0.016,0.023,0.6956521739130435,scalar
100k,vacuumed-repeat,134,train,jaguar x type,3,3339,3312,0.3245528771384137,10288,3,0.6076669661575322,0.092,0.169,0.5443786982248521,scalar
100k,vacuumed-repeat,229,train,the progressive,2,89723,89356,8.721131415241057,10288,3,0.9954192347558597,1.061,0.832,1.2752403846153846,scalar
100k,vacuumed-repeat,89,heldout,york photo,2,4665,4651,0.45344090202177295,10288,3,0.9341907824222937,0.099,0.191,0.518324607329843,scalar
100k,vacuumed-repeat,31,train,texas death row,3,6617,6522,0.6431765163297045,10288,3,0.7189058485718604,0.152,0.28,0.5428571428571428,scalar
100k,vacuumed-repeat,47,train,japan airlines,2,2816,2812,0.2737169517884914,10288,3,0.9389204545454546,0.066,0.122,0.5409836065573771,scalar
100k,vacuumed-repeat,242,heldout,round table,2,3782,3756,0.3676127527216174,10288,3,0.766525647805394,0.088,0.163,0.5398773006134969,scalar
100k,vacuumed-repeat,283,train,george r brown convention center,5,12015,11480,1.1678654743390358,10288,3,0.29463171036204744,0.34,0.48,0.7083333333333334,scalar
100k,vacuumed-repeat,41,heldout,mercury insurance,2,496,496,0.04821150855365474,10288,3,0.7379032258064516,0.028,0.044,0.6363636363636365,scalar
100k,vacuumed-repeat,60,train,long legs,2,5972,5953,0.5804821150855366,10288,3,0.9415606162089752,0.124,0.237,0.5232067510548524,scalar
100k,vacuumed-repeat,138,heldout,little brown jug,3,4688,4635,0.4556765163297045,10288,3,0.6038822525597269,0.132,0.216,0.6111111111111112,scalar
100k,vacuumed-repeat,201,train,the garden of eden,4,168388,97691,16.36741835147745,10288,3,0.5303940898401311,1.721,1.297,1.3269082498072475,scalar
100k,vacuumed-repeat,296,heldout,niceville high school,3,16979,16264,1.650369362363919,10288,3,0.5461452382354673,0.374,0.521,0.7178502879078694,scalar
100k,vacuumed-repeat,117,train,developmental delays,2,251,251,0.024397356143079314,10288,3,0.5338645418326693,0.024,0.029,0.8275862068965517,scalar
100k,vacuumed-repeat,33,train,interest only,2,12817,12600,1.2458203732503887,10288,3,0.8434891160177889,0.258,0.434,0.5944700460829493,scalar
100k,vacuumed-repeat,1,train,the,1,89312,89312,8.681181959564542,10288,3,1.0,0.694,0.703,0.9871977240398293,scalar
100k,vacuumed-repeat,3,train,bowel obstruction,2,55,55,0.005346034214618973,10288,3,0.6181818181818182,0.013,0.015,0.8666666666666667,scalar
100k,vacuumed-repeat,300,train,laborers international union of north america,6,99200,82454,9.64230171073095,10288,3,0.7883669354838709,1.797,1.286,1.3973561430793155,scalar
100k,vacuumed-repeat,82,train,american south,2,21797,20629,2.118681959564541,10288,3,0.5641143276597697,0.45,0.577,0.7798960138648181,scalar
100k,vacuumed-repeat,48,heldout,freedom tower,2,1765,1757,0.17155909797822705,10288,3,0.5365439093484419,0.052,0.093,0.5591397849462365,scalar
100k,vacuumed-repeat,10,train,wisconsin attorney general,3,6914,6835,0.672045101088647,10288,3,0.8053225339890078,0.162,0.286,0.5664335664335665,scalar
100k,vacuumed-repeat,35,heldout,army reserve,2,4134,4103,0.40182737169517885,10288,3,0.7595549104983067,0.085,0.179,0.4748603351955308,scalar
100k,vacuumed-repeat,106,train,cheap hotels,2,320,319,0.03110419906687403,10288,3,0.70625,0.018,0.026,0.6923076923076923,scalar
100k,vacuumed-repeat,49,train,virginia usa,2,2430,2415,0.23619751166407466,10288,3,0.528395061728395,0.065,0.116,0.5603448275862069,scalar
100k,vacuumed-repeat,172,train,david kim,2,2503,2495,0.24329315707620527,10288,3,0.87095485417499,0.057,0.106,0.5377358490566038,scalar
100k,vacuumed-repeat,74,heldout,reading museum,2,2708,2693,0.2632192846034215,10288,3,0.715288035450517,0.073,0.135,0.5407407407407406,scalar
100k,vacuumed-repeat,121,heldout,bmw engines,2,405,405,0.03936625194401244,10288,3,0.8617283950617284,0.018,0.027,0.6666666666666666,scalar
100k,vacuumed-repeat,158,train,little cars,2,3370,3355,0.3275660964230171,10288,3,0.8400593471810089,0.078,0.151,0.5165562913907285,scalar
100k,vacuumed-repeat,12,train,freelance work,2,8186,8173,0.7956842923794712,10288,3,0.9808209137551918,0.156,0.299,0.5217391304347826,scalar
100k,vacuumed-repeat,162,train,music stands,2,5657,5614,0.5498639191290824,10288,3,0.839667668375464,0.138,0.282,0.48936170212765967,scalar
100k,vacuumed-repeat,125,heldout,critical care nurse,3,2820,2798,0.2741057542768274,10288,3,0.5039007092198582,0.089,0.162,0.5493827160493827,scalar
100k,vacuumed-repeat,207,heldout,kidney transplant,2,126,126,0.012247278382581649,10288,3,0.7222222222222222,0.014,0.017,0.8235294117647058,scalar
100k,vacuumed-repeat,265,heldout,old photos,2,5045,5033,0.49037713841368585,10288,3,0.9526263627353816,0.112,0.217,0.5161290322580645,scalar
100k,vacuumed-repeat,188,train,justin timberlake,2,213,213,0.020703732503888024,10288,3,0.9530516431924883,0.019,0.025,0.7599999999999999,scalar
100k,vacuumed-repeat,236,train,new jersey police,3,18608,18223,1.8087091757387248,10288,3,0.8762897678417885,0.362,0.511,0.7084148727984344,scalar
100k,vacuumed-repeat,228,train,mushroom kingdom,2,1920,1920,0.18662519440124417,10288,3,0.9713541666666666,0.052,0.104,0.5,scalar
100k,vacuumed-repeat,21,train,west palm beach florida,4,8544,8397,0.8304821150855366,10288,3,0.755500936329588,0.213,0.34,0.6264705882352941,scalar
100k,vacuumed-repeat,100,train,fatherless children,2,4386,4386,0.42632192846034217,10288,3,0.9990880072959416,0.09,0.197,0.45685279187817257,scalar
100k,vacuumed-repeat,99,heldout,st petersburg high school,4,23610,21798,2.2949066874027992,10288,3,0.39275730622617533,0.543,0.681,0.7973568281938326,scalar
100k,vacuumed-repeat,298,train,true religion,2,1681,1675,0.16339424572317263,10288,3,0.6287923854848304,0.048,0.087,0.5517241379310346,scalar
100k,vacuumed-repeat,196,train,bass fishing,2,898,897,0.08728615863141524,10288,3,0.534521158129176,0.033,0.055,0.6,scalar
100k,vacuumed-repeat,203,heldout,the daily breeze,3,90693,89459,8.81541601866252,10288,3,0.9847728049573837,1.362,0.903,1.5083056478405317,scalar
100k,vacuumed-repeat,292,train,david thornton,2,2243,2241,0.21802099533437014,10288,3,0.9719126170307624,0.057,0.108,0.5277777777777778,scalar
100k,vacuumed-repeat,71,heldout,belcourt castle,2,794,794,0.07717729393468119,10288,3,0.9974811083123426,0.027,0.049,0.5510204081632653,scalar
100k,vacuumed-repeat,32,train,catholic answers,2,1728,1726,0.16796267496111975,10288,3,0.9131944444444444,0.046,0.086,0.5348837209302326,scalar
100k,vacuumed-repeat,88,train,american academy of child and adolescent psychiatry,7,166050,94721,16.140163297045103,10288,3,0.47097862089732007,2.394,1.509,1.5864811133200798,scalar
100k,vacuumed-repeat,94,train,xena warrior princess,3,545,545,0.05297433903576983,10288,3,0.7064220183486238,0.032,0.046,0.6956521739130435,scalar
100k,vacuumed-repeat,105,train,false prophets,2,357,357,0.034700622083981336,10288,3,0.907563025210084,0.019,0.028,0.6785714285714285,scalar
100k,vacuumed-repeat,253,train,farmers almanac,2,428,428,0.041601866251944015,10288,3,0.955607476635514,0.021,0.032,0.65625,scalar
100k,vacuumed-repeat,284,heldout,warren county,2,7387,7366,0.7180209953343701,10288,3,0.9591173683498037,0.149,0.263,0.5665399239543726,scalar
100k,vacuumed-repeat,294,train,boulder city nevada,3,8924,8897,0.8674183514774495,10288,3,0.9635813536530704,0.202,0.348,0.5804597701149427,scalar
100k,vacuumed-repeat,137,train,dexter michigan,2,829,828,0.08057931570762053,10288,3,0.9445114595898673,0.029,0.048,0.6041666666666666,scalar
100k,vacuumed-repeat,29,train,georgia public broadcasting,3,6936,6845,0.6741835147744946,10288,3,0.7684544405997693,0.18,0.303,0.594059405940594,scalar
100k,vacuumed-repeat,223,heldout,los angeles daily news,4,5904,5775,0.5738724727838258,10288,3,0.2979336043360434,0.147,0.248,0.5927419354838709,scalar
100k,vacuumed-repeat,18,train,omaha symphony,2,305,304,0.02964618973561431,10288,3,0.7377049180327869,0.019,0.026,0.7307692307692308,scalar
100k,vacuumed-repeat,65,train,child support,2,5013,4957,0.48726671850699843,10288,3,0.6618791143028127,0.123,0.221,0.5565610859728507,scalar
100k,vacuumed-repeat,261,train,medal of honor,3,81044,78821,7.877527216174183,10288,3,0.9649819850945166,1.244,0.931,1.3361976369495165,scalar
100k,vacuumed-repeat,275,train,general motors,2,5694,5686,0.5534603421461898,10288,3,0.9778714436248683,0.118,0.231,0.5108225108225107,scalar
100k,vacuumed-repeat,238,train,the news journal,3,92306,89630,8.972200622083982,10288,3,0.9675644053474314,1.569,0.999,1.5705705705705706,scalar
100k,vacuumed-repeat,289,heldout,movie theatres,2,1339,1338,0.13015163297045101,10288,3,0.8976848394324123,0.039,0.071,0.5492957746478874,scalar
100k,vacuumed-repeat,218,heldout,new haven,2,16530,16493,1.6067262830482114,10288,3,0.9864488808227465,0.284,0.461,0.616052060737527,scalar
100k,vacuumed-repeat,286,train,david lee roth,3,3179,3156,0.3090007776049767,10288,3,0.6857502359232464,0.088,0.151,0.5827814569536424,scalar
100k,vacuumed-repeat,258,heldout,usb hub,2,213,213,0.020703732503888024,10288,3,0.7887323943661971,0.015,0.02,0.75,scalar
100k,vacuumed-repeat,281,train,pocket pc,2,336,335,0.03265940902021773,10288,3,0.5714285714285714,0.018,0.026,0.6923076923076923,scalar
100k,vacuumed-repeat,15,heldout,italian translation,2,2615,2604,0.2541796267496112,10288,3,0.8065009560229446,0.065,0.12,0.5416666666666667,scalar
100k,vacuumed-repeat,102,heldout,law dictionary,2,3270,3265,0.317846034214619,10288,3,0.954434250764526,0.074,0.15,0.49333333333333335,scalar
100k,vacuumed-repeat,208,heldout,us coast guard,3,5536,5446,0.5381026438569206,10288,3,0.5202312138728323,0.157,0.257,0.6108949416342412,scalar
100k,vacuumed-repeat,36,train,chicken coop,2,147,147,0.014288491446345256,10288,3,0.8503401360544217,0.014,0.018,0.7777777777777779,scalar
100k,vacuumed-repeat,147,heldout,food carts,2,1267,1267,0.12315318818040435,10288,3,0.9834254143646409,0.036,0.066,0.5454545454545454,scalar
100k,vacuumed-repeat,184,heldout,personal chef,2,3628,3623,0.3526438569206843,10288,3,0.9633406835722161,0.09,0.192,0.46875,scalar
100k,vacuumed-repeat,37,train,people having sex,3,11852,11491,1.1520217729393467,10288,3,0.5949206884913939,0.272,0.416,0.653846153846154,scalar
100k,vacuumed-repeat,168,train,miami dade college,3,7566,7533,0.7354199066874028,10288,3,0.9406555643669046,0.188,0.317,0.5930599369085173,scalar
100k,vacuumed-repeat,170,train,naked news,2,1912,1910,0.18584758942457233,10288,3,0.9199790794979079,0.048,0.094,0.5106382978723404,scalar
100k,vacuumed-repeat,97,heldout,elliott smith,2,1338,1336,0.13005443234836703,10288,3,0.8736920777279522,0.038,0.071,0.5352112676056339,scalar
100k,vacuumed-repeat,179,heldout,milan tennessee,2,902,900,0.08767496111975116,10288,3,0.6297117516629712,0.031,0.054,0.5740740740740741,scalar
100k,vacuumed-repeat,195,heldout,zip code,2,975,973,0.09477060653188181,10288,3,0.8871794871794871,0.028,0.051,0.5490196078431373,scalar
100k,vacuumed-repeat,81,train,fluid power,2,2645,2641,0.25709564541213065,10288,3,0.9398865784499055,0.074,0.131,0.564885496183206,scalar
100k,vacuumed-repeat,24,train,ford modeling agency,3,1633,1626,0.15872861586314152,10288,3,0.6515615431720759,0.054,0.092,0.5869565217391305,scalar
100k,vacuumed-repeat,40,train,ear ache,2,178,178,0.017301710730948678,10288,3,0.9438202247191011,0.014,0.018,0.7777777777777779,scalar
100k,vacuumed-repeat,98,train,heart disease,2,2086,2076,0.20276049766718507,10288,3,0.6687440076701822,0.055,0.102,0.5392156862745099,scalar
100k,vacuumed-repeat,19,heldout,body painting,2,3071,3053,0.2985031104199067,10288,3,0.7245197004233149,0.081,0.145,0.5586206896551724,scalar
100k,vacuumed-repeat,124,train,toxic encephalopathy,2,119,119,0.011566874027993779,10288,3,0.957983193277311,0.018,0.02,0.8999999999999999,scalar
100k,mutated,244,train,akron beacon,2,124,125,0.012052877138413685,10288,22,0.5483870967741935,0.033,0.044,0.7500000000000001,scalar
100k,mutated,297,train,sleep study,2,2729,2724,0.26526049766718507,10288,22,0.9285452546720411,0.347,0.516,0.6724806201550387,scalar
100k,mutated,224,heldout,napa auto parts,3,2107,2103,0.2048017107309487,10288,22,0.8865685809207404,0.269,0.385,0.6987012987012987,scalar
100k,mutated,140,heldout,carolyn jones,2,769,769,0.07474727838258165,10288,22,0.929778933680104,0.106,0.162,0.6543209876543209,scalar
100k,mutated,136,heldout,sarah fisher,2,615,614,0.059778382581648526,10288,22,0.7203252032520325,0.092,0.136,0.676470588235294,scalar
100k,mutated,103,train,anderson hospital,2,2044,2037,0.19867807153965786,10288,22,0.8126223091976517,0.267,0.391,0.6828644501278772,scalar
100k,mutated,220,train,business consultants,2,3359,3358,0.3264968895800933,10288,22,0.9863054480500149,0.456,0.673,0.6775631500742942,scalar
100k,mutated,126,heldout,the breakfast club,3,96795,91941,9.408534214618973,10288,22,0.9438710677204402,7.261,5.965,1.2172673931265716,scalar
100k,mutated,156,heldout,padre island,2,2433,2432,0.2364891135303266,10288,22,0.9893136046033704,0.299,0.446,0.6704035874439461,scalar
100k,mutated,269,train,the british embassy,3,96379,91896,9.368098755832037,10288,22,0.9479450917731042,7.25,5.969,1.2146088121963476,scalar
100k,mutated,235,train,tv party,2,6316,6231,0.6139191290824261,10288,22,0.6800189993666877,0.677,0.969,0.6986584107327142,scalar
100k,mutated,42,heldout,battle of the bulge,4,173260,99940,16.840979782270608,10288,22,0.5273115548886067,10.87,7.49,1.4512683578104137,scalar
100k,mutated,200,heldout,table lamps,2,992,991,0.09642301710730948,10288,22,0.9112903225806451,0.141,0.22,0.6409090909090909,scalar
100k,mutated,205,train,term life insurance,3,12622,12358,1.2268662519440123,10288,22,0.7925843764855015,1.442,1.913,0.7537898588604286,scalar
100k,mutated,150,train,gun magazines,2,1222,1218,0.1187791601866252,10288,22,0.5891980360065466,0.163,0.227,0.7180616740088106,scalar
100k,mutated,213,heldout,too faced,2,2553,2540,0.24815318818040435,10288,22,0.6948687818253035,0.359,0.558,0.64336917562724,scalar
100k,mutated,209,train,car stereo,2,1298,1297,0.12616640746500776,10288,22,0.9399075500770416,0.19,0.275,0.6909090909090908,scalar
100k,mutated,211,train,domain names,2,1765,1760,0.17155909797822705,10288,22,0.7796033994334277,0.257,0.385,0.6675324675324675,scalar
100k,mutated,133,train,ellen degeneres show,3,3660,3652,0.3557542768273717,10288,22,0.937431693989071,0.547,0.757,0.7225891677675034,scalar
100k,mutated,182,train,costume designers,2,309,309,0.030034992223950233,10288,22,0.5533980582524272,0.061,0.085,0.7176470588235293,scalar
100k,mutated,245,heldout,john wellington,2,6085,6068,0.5914657853810265,10288,22,0.9531635168447001,0.751,1.086,0.6915285451197053,scalar
100k,mutated,227,train,cognitive impairment,2,199,199,0.019342923794712287,10288,22,0.6180904522613065,0.043,0.058,0.7413793103448275,scalar
100k,mutated,230,heldout,mood swings,2,180,180,0.017496111975116642,10288,22,0.6833333333333333,0.041,0.057,0.7192982456140351,scalar
100k,mutated,43,train,secretary of state,3,93111,82801,9.050447122861586,10288,22,0.8590392112639753,7.09,5.865,1.2088661551577151,scalar
100k,mutated,4,train,vicenza italy,2,1963,1962,0.19080482115085537,10288,22,0.9877738155883852,0.214,0.329,0.6504559270516717,scalar
100k,mutated,25,train,glass works,2,5003,4976,0.4862947122861586,10288,22,0.8752748350989407,0.556,0.817,0.6805385556915545,scalar
100k,mutated,119,train,canadian real estate,3,4951,4874,0.4812402799377916,10288,22,0.40335285800848314,0.584,0.782,0.7468030690537084,scalar
100k,mutated,111,train,kitchen accessories,2,425,425,0.04131026438569207,10288,22,0.7952941176470588,0.061,0.09,0.6777777777777778,scalar
100k,mutated,79,train,prayer times,2,4752,4740,0.4618973561430793,10288,22,0.9423400673400674,0.535,0.786,0.6806615776081425,scalar
100k,mutated,84,train,ace frehley,2,138,138,0.013413685847589424,10288,22,0.9420289855072463,0.034,0.043,0.7906976744186047,scalar
100k,mutated,254,train,civil war battlefields,3,9203,9043,0.8945373250388803,10288,22,0.7403020754101923,0.893,1.225,0.7289795918367347,scalar
100k,mutated,108,train,missy elliott,2,185,185,0.017982115085536547,10288,22,0.9297297297297298,0.033,0.046,0.7173913043478262,scalar
100k,mutated,72,train,binghamton new york,3,21217,20479,2.062305598755832,10288,22,0.7874817363434982,1.637,2.065,0.7927360774818403,scalar
100k,mutated,135,train,the movement,2,93333,91573,9.072025660964231,10288,22,0.9788820674359552,6.237,5.828,1.070178448867536,scalar
100k,mutated,180,heldout,western herald,2,4645,4635,0.4514968895800933,10288,22,0.9558665231431647,0.513,0.744,0.6895161290322581,scalar
100k,mutated,57,train,cured of cancer,3,80705,80143,7.844576205287714,10288,22,0.9910910104702311,6.037,5.374,1.1233717901004838,scalar
100k,mutated,232,heldout,little shop of horrors,4,83532,80755,8.119362363919128,10288,22,0.9575492027007614,7.198,5.522,1.3035132198478812,scalar
100k,mutated,260,train,new york towns,3,21941,21059,2.1326788491446345,10288,22,0.7614967412606536,1.705,2.086,0.817353787152445,scalar
100k,mutated,178,heldout,times union,2,7949,7797,0.7726477449455676,10288,22,0.5633413007925525,0.821,1.159,0.7083692838654011,scalar
100k,mutated,285,train,animal rights,2,2205,2195,0.21432737169517885,10288,22,0.7242630385487528,0.26,0.391,0.6649616368286445,scalar
100k,mutated,249,train,king kalakaua,2,2693,2693,0.26176127527216175,10288,22,0.999628666914222,0.316,0.47,0.672340425531915,scalar
100k,mutated,268,train,bladder tumor,2,95,95,0.009234059097978227,10288,22,0.7473684210526316,0.025,0.031,0.8064516129032259,scalar
100k,mutated,127,train,lost episode,2,3956,3930,0.3845256609642302,10288,22,0.7798281092012134,0.454,0.666,0.6816816816816816,scalar
100k,mutated,262,train,hot springs south dakota,4,11253,11100,1.093798600311042,10288,22,0.863147605083089,1.252,1.499,0.8352234823215476,scalar
100k,mutated,302,train,a search engine is an information retrieval software system designed to help find information stored on one or more computer systems,20,380809,102012,37.01487169517885,10288,22,0.22364755034676176,14.623,9.453,1.5469163228604677,scalar
100k,mutated,112,train,consumer affairs,2,1447,1444,0.140649300155521,10288,22,0.8258465791292329,0.171,0.262,0.6526717557251909,scalar
100k,mutated,8,train,american funds,2,13404,13309,1.302877138413686,10288,22,0.9429274843330349,1.195,1.64,0.728658536585366,scalar
100k,mutated,62,heldout,connecticut post,2,4817,4796,0.4682153965785381,10288,22,0.8970313473116047,0.53,0.767,0.6910039113428944,scalar
100k,mutated,26,heldout,personal loan,2,4215,4192,0.40970062208398134,10288,22,0.8505338078291815,0.489,0.713,0.6858345021037868,scalar
100k,mutated,278,train,elizabeth vargas,2,1002,1002,0.0973950233281493,10288,22,0.9241516966067864,0.119,0.186,0.6397849462365591,scalar
100k,mutated,165,train,william wallace,2,3354,3348,0.3260108864696734,10288,22,0.9350029815146095,0.394,0.581,0.6781411359724614,scalar
100k,mutated,13,train,french culinary institute,3,7446,7315,0.7237558320373251,10288,22,0.5992479183454203,0.861,1.117,0.7708146821844225,scalar
100k,mutated,301,train,to be or not to be,4,110546,78013,10.745139968895801,10288,22,0.5535523673402928,5.926,5.194,1.1409318444358876,scalar
100k,mutated,267,heldout,danube river,2,4171,4170,0.4054237947122862,10288,22,0.9880124670342844,0.461,0.682,0.6759530791788856,scalar
100k,mutated,120,train,barrett jackson,2,601,601,0.05841757387247278,10288,22,0.8851913477537438,0.081,0.123,0.6585365853658537,scalar
100k,mutated,154,train,phone cases,2,1418,1414,0.13783048211508553,10288,22,0.732722143864598,0.162,0.248,0.6532258064516129,scalar
100k,mutated,155,train,the incredibles,2,91363,91362,8.880540435458787,10288,22,0.9999890546501319,6.114,5.741,1.0649712593624805,scalar
100k,mutated,45,train,hempstead new york,3,21204,20469,2.0610419906687403,10288,22,0.7879645349933975,1.626,2.035,0.7990171990171989,scalar
100k,mutated,192,train,connecticut historical society,3,5721,5636,0.5560847589424572,10288,22,0.5883586785527006,0.785,1.039,0.75553416746872,scalar
100k,mutated,56,heldout,penny stocks,2,158,158,0.015357698289269051,10288,22,0.5316455696202531,0.04,0.054,0.7407407407407408,scalar
100k,mutated,160,train,game downloads,2,2974,2973,0.2890746500777605,10288,22,0.9774714189643577,0.355,0.521,0.6813819577735124,scalar
100k,mutated,38,train,new york population,3,25293,23740,2.45849533437014,10288,22,0.6605780255406635,1.953,2.263,0.8630136986301371,scalar
100k,mutated,239,train,cartoon network,2,1882,1880,0.18293157076205288,10288,22,0.9229543039319873,0.219,0.337,0.6498516320474778,scalar
100k,mutated,173,heldout,printer ink,2,215,214,0.020898133748055988,10288,22,0.5302325581395348,0.038,0.053,0.7169811320754716,scalar
100k,mutated,118,train,elise neal,2,125,125,0.012150077760497667,10288,22,0.728,0.028,0.037,0.7567567567567568,scalar
100k,mutated,197,train,ford parts,2,2284,2277,0.22200622083981336,10288,22,0.8178633975481612,0.267,0.406,0.6576354679802956,scalar
100k,mutated,274,train,water filters,2,3098,3097,0.3011275272161742,10288,22,0.9851517107811492,0.342,0.5,0.684,scalar
100k,mutated,204,heldout,debra jo rupp,3,254,254,0.02468895800933126,10288,22,0.937007874015748,0.045,0.063,0.7142857142857143,scalar
100k,mutated,85,train,the globe newspaper,3,92878,91524,9.027799377916018,10288,22,0.9836775124356683,7.312,5.883,1.2429032806391298,scalar
100k,mutated,131,heldout,john wilkes booth,3,5948,5939,0.578149300155521,10288,22,0.9751176866173503,0.729,0.948,0.7689873417721519,scalar
100k,mutated,5,train,digital scanning,2,1001,1001,0.09729782270606532,10288,22,0.951048951048951,0.116,0.18,0.6444444444444445,scalar
100k,mutated,222,train,ambassador of italy,3,82406,80511,8.009914463452565,10288,22,0.9706332063199281,5.983,5.369,1.1143602160551314,scalar
100k,mutated,183,heldout,the actors studio,3,94206,91664,9.156881804043547,10288,22,0.9698108400738806,7.317,5.932,1.2334794335805799,scalar
100k,mutated,146,train,pump it up,3,49883,45546,4.848658631415241,10288,22,0.7685383798087525,3.335,3.399,0.9811709326272433,scalar
100k,mutated,257,train,new york times best sellers list,6,36315,31974,3.529840590979782,10288,22,0.4600853641745835,2.517,2.906,0.866139022711631,scalar
100k,mutated,212,train,premier wine,2,1313,1310,0.1276244167962675,10288,22,0.7996953541507997,0.157,0.236,0.6652542372881356,scalar
100k,mutated,23,train,san francisco,2,3479,3454,0.33816096423017106,10288,22,0.7056625467088243,0.33,0.484,0.6818181818181819,scalar
100k,mutated,78,heldout,georgian architecture,2,1501,1498,0.145898133748056,10288,22,0.8627581612258495,0.171,0.261,0.6551724137931034,scalar
100k,mutated,92,train,jonathan daniel,2,1189,1186,0.11557153965785381,10288,22,0.6930193439865433,0.137,0.211,0.6492890995260664,scalar
100k,mutated,144,heldout,mercedes benz,2,135,134,0.013122083981337481,10288,22,0.6962962962962963,0.025,0.033,0.7575757575757576,scalar
100k,mutated,191,heldout,chicago teachers union,3,5518,5439,0.536353032659409,10288,22,0.6290322580645161,0.691,0.899,0.7686318131256952,scalar
100k,mutated,216,train,ventura college,2,7328,7325,0.7122861586314152,10288,22,0.9930403930131004,0.935,1.34,0.6977611940298507,scalar
100k,mutated,233,train,abilene tx,2,62,62,0.0060264385692068425,10288,22,0.6935483870967742,0.024,0.03,0.8,scalar
100k,mutated,189,train,hawk mountain,2,1650,1649,0.16038102643856922,10288,22,0.9442424242424242,0.244,0.362,0.6740331491712708,scalar
100k,mutated,2,train,griffith observatory,2,246,246,0.02391135303265941,10288,22,0.5609756097560976,0.063,0.076,0.8289473684210527,scalar
100k,mutated,9,train,scottsdale az,2,156,156,0.015163297045101089,10288,22,0.8525641025641025,0.036,0.05,0.7199999999999999,scalar
100k,mutated,215,train,jungle boy,2,1027,1026,0.09982503888024884,10288,22,0.8704965920155794,0.127,0.187,0.679144385026738,scalar
100k,mutated,252,train,music videos,2,5333,5311,0.5183709175738724,10288,22,0.9158072379523721,0.574,0.853,0.6729191090269636,scalar
100k,mutated,243,train,low estrogen,2,2088,2087,0.20295489891135304,10288,22,0.9803639846743295,0.252,0.402,0.626865671641791,scalar
100k,mutated,263,train,home business,2,9600,9396,0.9331259720062208,10288,22,0.6548958333333333,0.966,1.348,0.7166172106824925,scalar
100k,mutated,129,heldout,critical care medicine,3,3584,3544,0.3483670295489891,10288,22,0.40345982142857145,0.464,0.619,0.7495961227786754,scalar
100k,mutated,66,train,iq scores,2,284,284,0.0276049766718507,10288,22,0.9295774647887324,0.045,0.063,0.7142857142857143,scalar
100k,mutated,63,train,danbury ct,2,80,80,0.007776049766718507,10288,22,0.8125,0.022,0.028,0.7857142857142857,scalar
100k,mutated,107,train,walk the line,3,95961,91851,9.327468895800934,10288,22,0.9520742801763217,6.868,5.935,1.1572030328559395,scalar
100k,mutated,153,train,sky news,2,2242,2234,0.21792379471228615,10288,22,0.8073148974130241,0.263,0.394,0.6675126903553299,scalar
100k,mutated,193,train,shih tzu,2,21,21,0.002041213063763608,10288,22,0.5238095238095238,0.016,0.018,0.888888888888889,scalar
100k,mutated,225,train,law school rankings,3,12888,12566,1.2527216174183515,10288,22,0.7360335195530726,1.247,1.668,0.7476019184652279,scalar
100k,mutated,202,heldout,immigration to mexico,3,62746,61816,6.098950233281493,10288,22,0.9752494182896121,5.903,5.627,1.049049226941532,scalar
100k,mutated,96,heldout,tom welling,2,929,929,0.09029937791601866,10288,22,0.9967707212055974,0.13,0.196,0.6632653061224489,scalar
100k,mutated,169,train,time in denver,3,98403,87036,9.564832814930016,10288,22,0.8605428696279585,6.715,5.74,1.1698606271777003,scalar
100k,mutated,59,train,helen of troy,3,80405,80077,7.8154160186625194,10288,22,0.9947888812884771,5.986,5.401,1.1083132753193854,scalar
100k,mutated,77,train,famous quotes,2,1962,1959,0.19070762052877138,10288,22,0.9429153924566769,0.291,0.437,0.665903890160183,scalar
100k,mutated,86,train,decorative windows,2,1134,1131,0.11022550544323484,10288,22,0.7081128747795414,0.129,0.2,0.645,scalar
100k,mutated,290,train,canary bird,2,495,495,0.04811430793157076,10288,22,0.8505050505050505,0.066,0.1,0.66,scalar
100k,mutated,54,heldout,oxford dictionary,2,818,818,0.07951010886469674,10288,22,0.8166259168704156,0.102,0.154,0.6623376623376623,scalar
100k,mutated,157,train,worcester state college,3,18601,17785,1.8080287713841368,10288,22,0.6036772216547498,1.638,1.99,0.8231155778894472,scalar
100k,mutated,95,train,time for kids,3,61912,55384,6.017884914463453,10288,22,0.7763922987466081,3.909,3.846,1.016380655226209,scalar
100k,mutated,91,train,world bank president,3,18675,17860,1.8152216174183515,10288,22,0.6710040160642571,1.712,2.038,0.8400392541707558,scalar
100k,mutated,291,train,health literacy,2,2473,2463,0.24037713841368585,10288,22,0.8156085725839062,0.29,0.43,0.6744186046511628,scalar
100k,mutated,75,train,merry christmas,2,624,623,0.060653188180404355,10288,22,0.8733974358974359,0.077,0.115,0.6695652173913043,scalar
100k,mutated,46,heldout,university of washington,3,93536,82892,9.091757387247279,10288,22,0.8551359904208006,6.262,5.58,1.1222222222222222,scalar
100k,mutated,101,train,hotel del coronado,3,1800,1792,0.1749611197511664,10288,22,0.5116666666666667,0.249,0.342,0.7280701754385964,scalar
100k,mutated,241,train,interracial love,2,2127,2126,0.2067457231726283,10288,22,0.9877762106252939,0.242,0.376,0.6436170212765957,scalar
100k,mutated,276,train,the preakness,2,91366,91363,8.880832037325039,10288,22,0.9999562200380886,6.204,5.76,1.0770833333333334,scalar
100k,mutated,187,train,the oregonian newspaper,3,92602,91494,9.00097200622084,10288,22,0.9866093604889743,7.189,5.854,1.2280491971301675,scalar
100k,mutated,132,train,sesame street,2,2889,2888,0.28081259720062207,10288,22,0.991000346140533,0.34,0.508,0.6692913385826772,scalar
100k,mutated,186,heldout,bismarck state college,3,18536,17732,1.8017107309486782,10288,22,0.6057941303409581,1.638,2.006,0.8165503489531406,scalar
100k,mutated,52,train,jesus as a child,4,131704,92789,12.801710730948678,10288,22,0.6466546194496751,8.387,6.227,1.3468765055403886,scalar
100k,mutated,22,train,stone mountain,2,3028,3006,0.2943234836702955,10288,22,0.5145310435931307,0.368,0.539,0.6827458256029684,scalar
100k,mutated,246,train,city in iran,3,94103,86292,9.146870139968895,10288,22,0.899865041497083,6.435,5.731,1.1228406909788866,scalar
100k,mutated,11,train,the english restoration,3,96697,91929,9.399008553654744,10288,22,0.944827657528155,7.26,5.954,1.2193483372522673,scalar
100k,mutated,87,train,ancient egypt,2,1901,1894,0.18477838258164853,10288,22,0.7133087848500789,0.211,0.324,0.6512345679012346,scalar
100k,mutated,93,heldout,clothing optional,2,457,456,0.04442068429237947,10288,22,0.7811816192560175,0.065,0.094,0.6914893617021277,scalar
100k,mutated,214,train,avon school,2,9566,9559,0.9298211508553654,10288,22,0.9916370478779009,0.94,1.355,0.6937269372693726,scalar
100k,mutated,194,train,robert fuller,2,2558,2555,0.24863919129082426,10288,22,0.9566067240031274,0.303,0.45,0.6733333333333333,scalar
100k,mutated,277,train,blue ridge parkway,3,1855,1847,0.1803071539657854,10288,22,0.7175202156334232,0.237,0.331,0.7160120845921449,scalar
100k,mutated,109,train,portrait studio,2,2652,2643,0.25777604976671853,10288,22,0.8563348416289592,0.315,0.471,0.6687898089171975,scalar
100k,mutated,110,train,calvin klein,2,195,195,0.01895412130637636,10288,22,0.5076923076923077,0.035,0.048,0.7291666666666667,scalar
100k,mutated,270,heldout,human trafficking,2,2122,2121,0.20625972006220838,10288,22,0.9604147031102733,0.243,0.373,0.6514745308310992,scalar
100k,mutated,266,train,edith head,2,5182,5175,0.5036936236391913,10288,22,0.9760710150521035,0.569,0.825,0.6896969696969697,scalar
100k,mutated,282,heldout,chicago public schools,3,8905,8697,0.8655715396578538,10288,22,0.6198764738910725,0.918,1.239,0.7409200968523002,scalar
100k,mutated,128,train,seal pictures,2,1378,1376,0.1339424572317263,10288,22,0.8555878084179971,0.164,0.252,0.6507936507936508,scalar
100k,mutated,240,train,robert reed,2,2641,2636,0.2567068429237947,10288,22,0.9265429761453995,0.315,0.47,0.6702127659574468,scalar
100k,mutated,256,heldout,eastern mennonite university,3,14320,14016,1.3919129082426127,10288,22,0.8139664804469273,1.467,1.796,0.816815144766147,scalar
100k,mutated,148,train,graduate management admission test,4,4475,4410,0.4349727838258165,10288,22,0.41743016759776536,0.565,0.765,0.7385620915032679,scalar
100k,mutated,113,train,adobe buildings,2,1737,1737,0.16883748055987557,10288,22,0.9729418537708693,0.198,0.306,0.6470588235294118,scalar
100k,mutated,70,train,montgomery college,2,7431,7420,0.7222978227060654,10288,22,0.9792760059211412,0.757,1.09,0.6944954128440366,scalar
100k,mutated,51,train,intramuscular injections,2,20,20,0.0019440124416796269,10288,22,0.8,0.017,0.019,0.8947368421052633,scalar
100k,mutated,280,train,air mattress,2,2569,2569,0.24970839813374807,10288,22,0.9957181782794862,0.302,0.453,0.6666666666666666,scalar
100k,mutated,174,train,all funds,2,14703,14599,1.4291407465007777,10288,22,0.947969802081208,1.288,1.78,0.7235955056179776,scalar
100k,mutated,16,train,milwaukee newspaper,2,1441,1439,0.1400660964230171,10288,22,0.8487161693268563,0.172,0.264,0.6515151515151514,scalar
100k,mutated,271,heldout,new england aquarium,3,20177,19608,1.9612169517884914,10288,22,0.8280715666352778,1.753,2.144,0.8176305970149252,scalar
100k,mutated,7,heldout,borders books,2,2589,2581,0.2516524105754277,10288,22,0.8497489378138278,0.308,0.47,0.6553191489361703,scalar
100k,mutated,64,train,chicago bulls,2,1423,1421,0.13831648522550544,10288,22,0.9262122276879832,0.165,0.247,0.6680161943319839,scalar
100k,mutated,255,heldout,national security cutter,3,15542,15363,1.510692068429238,10288,22,0.9180285677518981,1.464,1.821,0.8039538714991763,scalar
100k,mutated,248,heldout,becoming a widow,3,87554,85565,8.510303265940902,10288,22,0.9727368252735454,6.755,6.031,1.120046426794893,scalar
100k,mutated,116,train,mid continent airport,3,3247,3224,0.3156104199066874,10288,22,0.7172774869109948,0.435,0.584,0.7448630136986302,scalar
100k,mutated,80,train,columbia university,2,12633,12522,1.2279354587869362,10288,22,0.9226628670941186,1.166,1.599,0.7292057535959975,scalar
100k,mutated,76,train,flow meter,2,792,791,0.07698289269051321,10288,22,0.6830808080808081,0.095,0.146,0.6506849315068494,scalar
100k,mutated,279,train,canon powershot,2,249,249,0.024202954898911354,10288,22,0.9919678714859438,0.04,0.057,0.7017543859649122,scalar
100k,mutated,159,train,jefferson davis high school,4,18282,17400,1.7770217729393467,10288,22,0.5188710206760748,1.592,1.935,0.8227390180878553,scalar
100k,mutated,122,train,john donne,2,5816,5815,0.5653188180404355,10288,22,0.9972489683631361,0.625,0.917,0.6815703380588877,scalar
100k,mutated,217,train,kansas city kings,3,9723,9644,0.9450816485225505,10288,22,0.9084644656998868,1.006,1.379,0.7295141406816533,scalar
100k,mutated,55,heldout,state of louisiana,3,91642,82516,8.907659409020217,10288,22,0.8728094105322887,6.245,5.575,1.1201793721973095,scalar
100k,mutated,61,train,sore muscles,2,85,85,0.008262052877138413,10288,22,0.7176470588235294,0.024,0.031,0.7741935483870968,scalar
100k,mutated,231,heldout,ugly people,2,7296,7292,0.7091757387247278,10288,22,0.9904057017543859,0.844,1.323,0.6379440665154951,scalar
100k,mutated,141,train,aishwarya rai,2,117,117,0.011372472783825817,10288,22,0.8717948717948718,0.028,0.039,0.717948717948718,scalar
100k,mutated,288,train,power rangers ninja storm,4,3248,3229,0.3157076205287714,10288,22,0.7903325123152709,0.43,0.6,0.7166666666666667,scalar
100k,mutated,161,heldout,chicken noodle soup,3,204,204,0.01982892690513219,10288,22,0.6176470588235294,0.043,0.055,0.7818181818181817,scalar
100k,mutated,30,heldout,graffiti art,2,3661,3658,0.35585147744945567,10288,22,0.9786943458071565,0.417,0.621,0.6714975845410628,scalar
100k,mutated,181,heldout,care a lot,3,87401,85539,8.495431570762053,10288,22,0.9744396517202321,6.39,5.659,1.1291747658596925,scalar
100k,mutated,166,train,home loan,2,6917,6878,0.6723367029548989,10288,22,0.9089200520456845,0.718,1.044,0.6877394636015325,scalar
100k,mutated,27,train,texas state legislature,3,13198,12975,1.2828538102643856,10288,22,0.8508107288983179,1.25,1.656,0.7548309178743962,scalar
100k,mutated,199,train,roundabout theatre,2,1325,1324,0.12879082426127528,10288,22,0.9713207547169811,0.155,0.24,0.6458333333333334,scalar
100k,mutated,123,train,evening wear,2,1018,1016,0.09895023328149301,10288,22,0.6679764243614931,0.121,0.185,0.654054054054054,scalar
100k,mutated,151,train,bankruptcy laws,2,815,814,0.0792185069984448,10288,22,0.8515337423312883,0.099,0.152,0.6513157894736843,scalar
100k,mutated,177,train,edith wharton,2,162,161,0.015746500777604977,10288,22,0.7654320987654321,0.031,0.043,0.7209302325581396,scalar
100k,mutated,130,train,hurricane wilma,2,159,159,0.015454898911353033,10288,22,0.8930817610062893,0.031,0.042,0.738095238095238,scalar
100k,mutated,44,train,third trimester,2,5668,5668,0.5509331259720062,10288,22,0.9994707127734651,0.611,0.903,0.6766334440753045,scalar
100k,mutated,114,train,national book award,3,21565,20435,2.0961314152410577,10288,22,0.6616276373753768,1.891,2.203,0.8583749432591921,scalar
100k,mutated,14,heldout,color combinations,2,1071,1071,0.10410186625194401,10288,22,0.930905695611578,0.128,0.196,0.6530612244897959,scalar
100k,mutated,167,train,cherry blossom,2,191,192,0.018565318818040435,10288,22,0.7486910994764397,0.034,0.047,0.723404255319149,scalar
100k,mutated,67,train,philadelphia phillies,2,629,629,0.06113919129082426,10288,22,0.9459459459459459,0.077,0.117,0.6581196581196581,scalar
100k,mutated,17,train,robert green ingersoll,3,4170,4128,0.40532659409020216,10288,22,0.586810551558753,0.524,0.721,0.7267683772538142,scalar
100k,mutated,250,train,centerville high school,3,17356,16626,1.68701399688958,10288,22,0.5465545056464624,1.514,1.841,0.8223791417707768,scalar
100k,mutated,50,heldout,kasota stone,2,1471,1470,0.14298211508553654,10288,22,0.9993201903467029,0.21,0.315,0.6666666666666666,scalar
100k,mutated,295,train,united states constitution,3,17702,16898,1.7206454121306376,10288,22,0.5129928821602079,1.19,1.554,0.7657657657657657,scalar
100k,mutated,142,heldout,trendy clothes,2,246,246,0.02391135303265941,10288,22,0.9512195121951219,0.043,0.061,0.7049180327868853,scalar
100k,mutated,73,heldout,tallest trees in the world,5,189454,100641,18.4150466562986,10288,22,0.4822384325482703,9.354,6.809,1.373770010280511,scalar
100k,mutated,143,train,weather underground,2,1068,1065,0.10381026438569207,10288,22,0.5205992509363296,0.125,0.193,0.6476683937823834,scalar
100k,mutated,171,heldout,wildlife photography,2,844,842,0.08203732503888025,10288,22,0.5592417061611374,0.106,0.162,0.6543209876543209,scalar
100k,mutated,34,train,region iv,2,5255,5231,0.5107892690513219,10288,22,0.9014272121788772,0.554,0.784,0.7066326530612245,scalar
100k,mutated,251,train,foam mattress,2,44,43,0.0042768273716951785,10288,22,0.75,0.018,0.022,0.8181818181818181,scalar
100k,mutated,104,train,kenosha wisconsin,2,849,849,0.08252332814930015,10288,22,0.9823321554770318,0.101,0.158,0.639240506329114,scalar
100k,mutated,210,train,playa del rey,3,1043,1042,0.10138024883359253,10288,22,0.8830297219558965,0.124,0.184,0.6739130434782609,scalar
100k,mutated,176,train,john klein,2,5899,5893,0.5733864696734059,10288,22,0.9832174944905916,0.646,0.936,0.6901709401709402,scalar
100k,mutated,115,train,back surgery,2,5739,5719,0.557834370139969,10288,22,0.9355288377766161,0.626,0.909,0.6886688668866886,scalar
100k,mutated,28,train,spiritual warfare,2,800,798,0.07776049766718507,10288,22,0.67375,0.104,0.154,0.6753246753246753,scalar
100k,mutated,175,heldout,zion national park,3,17343,16912,1.6857503888024883,10288,22,0.8226950354609929,1.539,1.953,0.7880184331797234,scalar
100k,mutated,53,train,montessori schools,2,2082,2082,0.20237169517884915,10288,22,0.9927953890489913,0.237,0.363,0.652892561983471,scalar
100k,mutated,20,heldout,who dares wins,3,24362,24153,2.368001555209953,10288,22,0.9626467449306296,2.084,2.378,0.8763666947014298,scalar
100k,mutated,163,train,microsoft frontpage,2,199,199,0.019342923794712287,10288,22,0.9899497487437185,0.041,0.054,0.7592592592592593,scalar
100k,mutated,219,train,ron keel,2,349,349,0.03392301710730949,10288,22,0.8567335243553008,0.056,0.079,0.7088607594936709,scalar
100k,mutated,139,heldout,books on cd,3,50354,49022,4.894440124416796,10288,22,0.9433808634865155,3.506,3.597,0.9747011398387545,scalar
100k,mutated,145,train,analog computer,2,949,948,0.0922433903576983,10288,22,0.9135932560590094,0.113,0.176,0.6420454545454546,scalar
100k,mutated,247,train,corpus christi tx,3,225,225,0.0218701399688958,10288,22,0.5466666666666666,0.04,0.052,0.7692307692307693,scalar
100k,mutated,234,train,internet fraud,2,903,902,0.08777216174183515,10288,22,0.8183831672203765,0.106,0.164,0.646341463414634,scalar
100k,mutated,264,train,perfume bottles,2,115,115,0.011178071539657854,10288,22,0.6869565217391305,0.027,0.035,0.7714285714285714,scalar
100k,mutated,83,train,international baseball,2,7434,7389,0.7225894245723172,10288,22,0.9090664514393328,0.779,1.122,0.694295900178253,scalar
100k,mutated,272,train,the book of life,4,184990,100205,17.981143079315707,10288,22,0.49387534461322236,13.267,8.273,1.6036504291067328,scalar
100k,mutated,185,train,david koresh,2,2227,2227,0.21646578538102643,10288,22,0.9995509654243376,0.254,0.388,0.654639175257732,scalar
100k,mutated,273,train,rolex watches,2,91,91,0.008845256609642301,10288,22,0.9230769230769231,0.024,0.031,0.7741935483870968,scalar
100k,mutated,90,train,good luck,2,2870,2866,0.27896578538102645,10288,22,0.9477351916376306,0.336,0.504,0.6666666666666667,scalar
100k,mutated,299,heldout,google satellite,2,599,598,0.05822317262830482,10288,22,0.6026711185308848,0.078,0.118,0.6610169491525424,scalar
100k,mutated,164,train,camp claiborne,2,997,996,0.09690902021772939,10288,22,0.9809428284854563,0.119,0.183,0.6502732240437158,scalar
100k,mutated,149,heldout,big boss man,3,5779,5694,0.5617223950233281,10288,22,0.567053123377747,0.687,0.9,0.7633333333333334,scalar
100k,mutated,293,train,jamie murray,2,473,473,0.045975894245723174,10288,22,0.6638477801268499,0.063,0.096,0.65625,scalar
100k,mutated,206,train,tennis elbow,2,610,610,0.05929237947122862,10288,22,0.9360655737704918,0.076,0.116,0.6551724137931034,scalar
100k,mutated,190,train,kristanna loken,2,5,4,0.0004860031104199067,10288,22,0.8,0.013,0.015,0.8666666666666667,scalar
100k,mutated,287,heldout,central community college,3,17052,16139,1.6574650077760498,10288,22,0.42675346000469155,1.591,1.927,0.8256357031655422,scalar
100k,mutated,237,heldout,university of akron,3,91698,82537,8.91310264385692,10288,22,0.8722763855264019,6.739,6.219,1.0836147290561182,scalar
100k,mutated,58,train,lord of the rings,4,172505,99923,16.7675933125972,10288,22,0.5296194313208313,11.655,7.267,1.6038255125911653,scalar
100k,mutated,226,train,hsbc bank,2,1618,1618,0.1572706065318818,10288,22,0.9944375772558715,0.212,0.328,0.646341463414634,scalar
100k,mutated,198,heldout,automatic writing,2,2280,2275,0.22161741835147744,10288,22,0.862719298245614,0.313,0.432,0.7245370370370371,scalar
100k,mutated,6,train,plus size clothing,3,2357,2341,0.229101866251944,10288,22,0.5825201527365295,0.381,0.514,0.7412451361867705,scalar
100k,mutated,39,heldout,most improved player,3,17130,16431,1.6650466562986004,10288,22,0.6315236427320491,2.11,2.405,0.8773388773388774,scalar
100k,mutated,69,train,naomi wallace,2,268,269,0.026049766718507,10288,22,0.8134328358208955,0.072,0.09,0.7999999999999999,scalar
100k,mutated,221,train,open source software,3,5616,5530,0.5458786936236392,10288,22,0.5870726495726496,0.74,0.965,0.766839378238342,scalar
100k,mutated,68,heldout,trans siberian orchestra,3,800,798,0.07776049766718507,10288,22,0.68875,0.13,0.182,0.7142857142857143,scalar
100k,mutated,152,train,antonio cromartie,2,639,638,0.06211119751166407,10288,22,0.9984350547730829,0.089,0.129,0.6899224806201549,scalar
100k,mutated,259,train,rob halford,2,271,271,0.026341368584758943,10288,22,0.966789667896679,0.049,0.07,0.7,scalar
100k,mutated,134,train,jaguar x type,3,3394,3366,0.3298989113530327,10288,22,0.6084266352386565,0.528,0.718,0.7353760445682452,scalar
100k,mutated,229,train,the progressive,2,91778,91407,8.920878693623639,10288,22,0.9954673233236724,6.982,6.791,1.0281254601678693,scalar
100k,mutated,89,heldout,york photo,2,4795,4782,0.4660769828926905,10288,22,0.9347236704900939,0.654,0.903,0.7242524916943521,scalar
100k,mutated,31,train,texas death row,3,6782,6684,0.6592146189735615,10288,22,0.7195517546446476,0.857,1.164,0.7362542955326461,scalar
100k,mutated,47,train,japan airlines,2,2896,2892,0.28149300155520995,10288,22,0.9402624309392266,0.333,0.485,0.6865979381443299,scalar
100k,mutated,242,heldout,round table,2,3865,3838,0.3756804043545879,10288,22,0.7661060802069858,0.526,0.74,0.7108108108108109,scalar
100k,mutated,283,train,george r brown convention center,5,12299,11752,1.1954704510108864,10288,22,0.29595902105862265,1.646,1.882,0.8746014877789585,scalar
100k,mutated,41,heldout,mercury insurance,2,519,518,0.05044712286158631,10288,22,0.7418111753371869,0.097,0.14,0.6928571428571428,scalar
100k,mutated,60,train,long legs,2,6102,6081,0.5931181959564541,10288,22,0.9411668305473615,0.745,1.041,0.7156580211335255,scalar
100k,mutated,138,heldout,little brown jug,3,4806,4752,0.4671461897356143,10288,22,0.6038285476487724,0.639,0.855,0.7473684210526316,scalar
100k,mutated,201,train,the garden of eden,4,172231,99917,16.740960342146188,10288,22,0.5304619958079556,14.709,11.342,1.296861223770058,scalar
100k,mutated,296,heldout,niceville high school,3,17348,16619,1.6862363919129082,10288,22,0.5468065483052802,2.234,2.544,0.8781446540880503,scalar
100k,mutated,117,train,developmental delays,2,256,256,0.024883359253499222,10288,22,0.52734375,0.064,0.085,0.7529411764705882,scalar
100k,mutated,33,train,interest only,2,13109,12887,1.2742029548989113,10288,22,0.8432374704401556,1.785,2.278,0.7835820895522387,scalar
100k,mutated,1,train,the,1,91362,91362,8.880443234836703,10288,22,1.0,9.947,8.495,1.1709240729841084,scalar
100k,mutated,3,train,bowel obstruction,2,55,54,0.005346034214618973,10288,22,0.6363636363636364,0.026,0.031,0.8387096774193548,scalar
100k,mutated,300,train,laborers international union of north america,6,101456,84330,9.86158631415241,10288,22,0.7883811701624349,9.767,7.167,1.3627738244732803,scalar
100k,mutated,82,train,american south,2,22352,21151,2.172628304821151,10288,22,0.5654527559055118,2.378,2.881,0.8254078444984382,scalar
100k,mutated,48,heldout,freedom tower,2,1810,1802,0.17593312597200622,10288,22,0.5337016574585636,0.267,0.376,0.7101063829787234,scalar
100k,mutated,10,train,wisconsin attorney general,3,7071,6991,0.6873055987558321,10288,22,0.8063923066044407,0.862,1.113,0.7744833782569631,scalar
100k,mutated,35,heldout,army reserve,2,4234,4202,0.411547433903577,10288,22,0.7600377893245158,0.564,0.805,0.7006211180124222,scalar
100k,mutated,106,train,cheap hotels,2,327,327,0.031784603421461895,10288,22,0.7003058103975535,0.062,0.084,0.738095238095238,scalar
100k,mutated,49,train,virginia usa,2,2476,2461,0.2406687402799378,10288,22,0.5266558966074314,0.349,0.498,0.7008032128514056,scalar
100k,mutated,172,train,david kim,2,2558,2551,0.24863919129082426,10288,22,0.8702111024237685,0.361,0.542,0.6660516605166051,scalar
100k,mutated,74,heldout,reading museum,2,2800,2784,0.27216174183514774,10288,22,0.7146428571428571,0.398,0.597,0.6666666666666667,scalar
100k,mutated,121,heldout,bmw engines,2,400,400,0.038880248833592534,10288,22,0.8625,0.066,0.095,0.6947368421052632,scalar
100k,mutated,158,train,little cars,2,3454,3438,0.3357309486780715,10288,22,0.8401852924145917,0.539,0.794,0.6788413098236776,scalar
100k,mutated,12,train,freelance work,2,8442,8430,0.8205676516329704,10288,22,0.9817578772802653,0.976,1.411,0.6917080085046067,scalar
100k,mutated,162,train,music stands,2,5806,5762,0.5643468118195957,10288,22,0.8411987599035481,0.718,1.002,0.716566866267465,scalar
100k,mutated,125,heldout,critical care nurse,3,2887,2864,0.2806181959564541,10288,22,0.5008659508139938,0.577,0.783,0.7369093231162196,scalar
100k,mutated,207,heldout,kidney transplant,2,125,125,0.012150077760497667,10288,22,0.712,0.032,0.043,0.744186046511628,scalar
100k,mutated,265,heldout,old photos,2,5164,5153,0.5019440124416796,10288,22,0.9527498063516654,0.663,0.925,0.7167567567567568,scalar
100k,mutated,188,train,justin timberlake,2,213,213,0.020703732503888024,10288,22,0.9577464788732394,0.042,0.053,0.7924528301886793,scalar
100k,mutated,236,train,new jersey police,3,19057,18663,1.8523522550544322,10288,22,0.8767382064333316,2.049,2.432,0.842516447368421,scalar
100k,mutated,228,train,mushroom kingdom,2,1961,1960,0.1906104199066874,10288,22,0.9704232534421213,0.315,0.415,0.7590361445783133,scalar
100k,mutated,21,train,west palm beach florida,4,8776,8625,0.8530326594090202,10288,22,0.7550136736554239,1.051,1.468,0.7159400544959128,scalar
100k,mutated,100,train,fatherless children,2,4510,4510,0.43837480559875586,10288,22,0.9988913525498891,0.627,0.899,0.6974416017797552,scalar
100k,mutated,99,heldout,st petersburg high school,4,24153,22298,2.347686625194401,10288,22,0.39274624270276987,2.609,2.977,0.8763856231105139,scalar
100k,mutated,298,train,true religion,2,1722,1714,0.16737947122861585,10288,22,0.6254355400696864,0.233,0.35,0.6657142857142858,scalar
100k,mutated,196,train,bass fishing,2,924,922,0.08981337480559876,10288,22,0.5313852813852814,0.146,0.208,0.7019230769230769,scalar
100k,mutated,203,heldout,the daily breeze,3,92766,91512,9.016912908242613,10288,22,0.9848651445572731,11.917,10.175,1.171203931203931,scalar
100k,mutated,292,train,david thornton,2,2290,2289,0.22258942457231726,10288,22,0.9720524017467249,0.457,0.581,0.7865748709122204,scalar
100k,mutated,71,heldout,belcourt castle,2,808,808,0.07853810264385692,10288,22,0.9975247524752475,0.106,0.169,0.6272189349112426,scalar
100k,mutated,32,train,catholic answers,2,1760,1758,0.17107309486780714,10288,22,0.9125,0.248,0.365,0.6794520547945205,scalar
100k,mutated,88,train,american academy of child and adolescent psychiatry,7,170001,96894,16.52420295489891,10288,22,0.4705031146875607,13.138,10.185,1.28993618065783,scalar
100k,mutated,94,train,xena warrior princess,3,548,547,0.053265940902021774,10288,22,0.7062043795620438,0.093,0.13,0.7153846153846154,scalar
100k,mutated,105,train,false prophets,2,368,368,0.03576982892690513,10288,22,0.9103260869565217,0.061,0.089,0.6853932584269663,scalar
100k,mutated,253,train,farmers almanac,2,442,442,0.04296267496111975,10288,22,0.9570135746606335,0.075,0.106,0.7075471698113207,scalar
100k,mutated,284,heldout,warren county,2,7565,7543,0.7353227060653188,10288,22,0.9583608724388631,0.895,1.219,0.734208367514356,scalar
100k,mutated,294,train,boulder city nevada,3,9164,9135,0.890746500777605,10288,22,0.9638804015713662,1.165,1.481,0.7866306549628629,scalar
100k,mutated,137,train,dexter michigan,2,843,843,0.08194012441679627,10288,22,0.9466192170818505,0.109,0.163,0.6687116564417178,scalar
100k,mutated,29,train,georgia public broadcasting,3,7146,7052,0.6945956454121306,10288,22,0.7724601175482787,0.963,1.273,0.7564807541241163,scalar
100k,mutated,223,heldout,los angeles daily news,4,6049,5917,0.5879665629860031,10288,22,0.2992230120681104,0.724,0.891,0.8125701459034792,scalar
100k,mutated,18,train,omaha symphony,2,310,310,0.030132192846034214,10288,22,0.7419354838709677,0.055,0.074,0.7432432432432433,scalar
100k,mutated,65,train,child support,2,5126,5068,0.49825038880248834,10288,22,0.6570425282871635,0.667,1.02,0.653921568627451,scalar
100k,mutated,261,train,medal of honor,3,82907,80618,8.05861197511664,10288,22,0.9647677518183024,9.897,7.013,1.4112362754883787,scalar
100k,mutated,275,train,general motors,2,5827,5820,0.5663880248833593,10288,22,0.9785481379783765,0.771,1.083,0.7119113573407203,scalar
100k,mutated,238,train,the news journal,3,94432,91687,9.178849144634526,10288,22,0.9674898339545916,11.542,7.854,1.4695696460402343,scalar
100k,mutated,289,heldout,movie theatres,2,1355,1354,0.13170684292379473,10288,22,0.8981549815498155,0.183,0.278,0.6582733812949639,scalar
100k,mutated,218,heldout,new haven,2,16933,16896,1.645898133748056,10288,22,0.9867123368570248,1.803,2.272,0.7935739436619719,scalar
100k,mutated,286,train,david lee roth,3,3237,3215,0.3146384136858476,10288,22,0.6876737720111215,0.462,0.63,0.7333333333333334,scalar
100k,mutated,258,heldout,usb hub,2,231,231,0.02245334370139969,10288,22,0.8095238095238095,0.043,0.055,0.7818181818181817,scalar
100k,mutated,281,train,pocket pc,2,344,344,0.03343701399688958,10288,22,0.5755813953488372,0.061,0.084,0.7261904761904762,scalar
100k,mutated,15,heldout,italian translation,2,2669,2658,0.25942846034214617,10288,22,0.8055451479955039,0.342,0.483,0.7080745341614908,scalar
100k,mutated,102,heldout,law dictionary,2,3336,3332,0.32426127527216175,10288,22,0.9550359712230215,0.452,0.634,0.7129337539432177,scalar
100k,mutated,208,heldout,us coast guard,3,5675,5581,0.5516135303265941,10288,22,0.5182378854625551,0.742,0.975,0.7610256410256411,scalar
100k,mutated,36,train,chicken coop,2,148,147,0.014385692068429238,10288,22,0.8513513513513513,0.044,0.055,0.7999999999999999,scalar
100k,mutated,147,heldout,food carts,2,1320,1319,0.12830482115085537,10288,22,0.9833333333333333,0.186,0.261,0.7126436781609196,scalar
100k,mutated,184,heldout,personal chef,2,3715,3710,0.3611003110419907,10288,22,0.9650067294751009,0.571,0.815,0.7006134969325153,scalar
100k,mutated,37,train,people having sex,3,12111,11744,1.177196734059098,10288,22,0.5966476756667493,1.404,1.732,0.8106235565819861,scalar
100k,mutated,168,train,miami dade college,3,7740,7706,0.7523328149300156,10288,22,0.9401808785529716,0.957,1.234,0.7755267423014587,scalar
100k,mutated,170,train,naked news,2,1963,1961,0.19080482115085537,10288,22,0.9220580743759552,0.28,0.407,0.6879606879606881,scalar
100k,mutated,97,heldout,elliott smith,2,1366,1364,0.1327760497667185,10288,22,0.8740849194729137,0.172,0.272,0.6323529411764705,scalar
100k,mutated,179,heldout,milan tennessee,2,924,922,0.08981337480559876,10288,22,0.6266233766233766,0.129,0.194,0.6649484536082474,scalar
100k,mutated,195,heldout,zip code,2,977,976,0.09496500777604977,10288,22,0.8925281473899693,0.119,0.185,0.6432432432432432,scalar
100k,mutated,81,train,fluid power,2,2726,2722,0.26496889580093314,10288,22,0.9416727806309612,0.464,0.696,0.6666666666666667,scalar
100k,mutated,24,train,ford modeling agency,3,1660,1654,0.161353032659409,10288,22,0.653012048192771,0.292,0.403,0.7245657568238213,scalar
100k,mutated,40,train,ear ache,2,184,184,0.017884914463452566,10288,22,0.9456521739130435,0.039,0.053,0.7358490566037736,scalar
100k,mutated,98,train,heart disease,2,2121,2111,0.20616251944012443,10288,22,0.6657237152286657,0.283,0.402,0.7039800995024874,scalar
100k,mutated,19,heldout,body painting,2,3156,3136,0.3067651632970451,10288,22,0.7240177439797212,0.456,0.647,0.7047913446676971,scalar
100k,mutated,124,train,toxic encephalopathy,2,124,124,0.012052877138413685,10288,22,0.9596774193548387,0.033,0.041,0.8048780487804879,scalar
100k,revacuumed,244,train,akron beacon,2,118,118,0.011214597985173921,10522,8,0.5254237288135594,0.057,0.063,0.9047619047619048,scalar
100k,revacuumed,297,train,sleep study,2,2626,2621,0.24957232465310777,10522,8,0.9257425742574258,0.18,0.305,0.5901639344262295,scalar
100k,revacuumed,224,heldout,napa auto parts,3,2035,2030,0.1934042957612621,10522,8,0.8879606879606879,0.158,0.254,0.6220472440944882,scalar
100k,revacuumed,140,heldout,carolyn jones,2,735,735,0.06985363999239688,10522,8,0.927891156462585,0.087,0.122,0.7131147540983607,scalar
100k,revacuumed,136,heldout,sarah fisher,2,595,594,0.05654818475574986,10522,8,0.7159663865546219,0.08,0.109,0.7339449541284404,scalar
100k,revacuumed,103,train,anderson hospital,2,1976,1970,0.18779699676867515,10522,8,0.8132591093117408,0.141,0.226,0.6238938053097345,scalar
100k,revacuumed,220,train,business consultants,2,3239,3238,0.30783121079642656,10522,8,0.9857980858289596,0.224,0.327,0.6850152905198776,scalar
100k,revacuumed,126,heldout,the breakfast club,3,93711,89009,8.906196540581638,10522,8,0.9438379699288237,2.684,1.611,1.6660459342023588,scalar
100k,revacuumed,156,heldout,padre island,2,2348,2348,0.22315149211176583,10522,8,0.989778534923339,0.145,0.234,0.6196581196581196,scalar
100k,revacuumed,269,train,the british embassy,3,93305,88965,8.867610720395362,10522,8,0.9479449118482396,2.722,1.605,1.69595015576324,scalar
100k,revacuumed,235,train,tv party,2,6120,6038,0.5816384717734271,10522,8,0.6797385620915033,0.332,0.531,0.6252354048964218,scalar
100k,revacuumed,42,heldout,battle of the bulge,4,167747,96752,15.94250142558449,10522,8,0.5272702343410016,3.336,2.128,1.5676691729323307,scalar
100k,revacuumed,200,heldout,table lamps,2,958,957,0.09104732940505607,10522,8,0.9102296450939458,0.096,0.146,0.6575342465753425,scalar
100k,revacuumed,205,train,term life insurance,3,12223,11967,1.1616612811252613,10522,8,0.7925222940358341,0.659,0.874,0.754004576659039,scalar
100k,revacuumed,150,train,gun magazines,2,1184,1181,0.11252613571564342,10522,8,0.5886824324324325,0.106,0.166,0.6385542168674698,scalar
100k,revacuumed,213,heldout,too faced,2,2447,2434,0.2325603497433948,10522,8,0.6979975480179812,0.137,0.233,0.5879828326180258,scalar
100k,revacuumed,209,train,car stereo,2,1241,1239,0.11794335677627828,10522,8,0.9371474617244158,0.102,0.157,0.6496815286624203,scalar
100k,revacuumed,211,train,domain names,2,1733,1728,0.16470252803649496,10522,8,0.7784189267166762,0.125,0.2,0.625,scalar
100k,revacuumed,133,train,ellen degeneres show,3,3549,3542,0.33729329024900206,10522,8,0.9388560157790927,0.228,0.366,0.6229508196721312,scalar
100k,revacuumed,182,train,costume designers,2,302,302,0.028701767724767156,10522,8,0.5496688741721855,0.066,0.076,0.868421052631579,scalar
100k,revacuumed,245,heldout,john wellington,2,5882,5867,0.5590191978711272,10522,8,0.9546072764365862,0.3,0.493,0.6085192697768762,scalar
100k,revacuumed,227,train,cognitive impairment,2,196,196,0.018627637331305836,10522,8,0.6173469387755102,0.061,0.069,0.8840579710144927,scalar
100k,revacuumed,230,heldout,mood swings,2,179,179,0.01701197490971298,10522,8,0.6927374301675978,0.059,0.067,0.880597014925373,scalar
100k,revacuumed,43,train,secretary of state,3,90126,80156,8.565481847557498,10522,8,0.8591749328717573,2.462,1.677,1.468097793679189,scalar
100k,revacuumed,4,train,vicenza italy,2,1895,1895,0.18009884052461508,10522,8,0.987335092348285,0.124,0.199,0.6231155778894472,scalar
100k,revacuumed,25,train,glass works,2,4849,4823,0.4608439460178673,10522,8,0.8744070942462363,0.264,0.437,0.6041189931350115,scalar
100k,revacuumed,119,train,canadian real estate,3,4775,4701,0.45381106253563963,10522,8,0.4060732984293194,0.27,0.428,0.6308411214953271,scalar
100k,revacuumed,111,train,kitchen accessories,2,419,418,0.039821326743965026,10522,8,0.7804295942720764,0.07,0.085,0.823529411764706,scalar
100k,revacuumed,79,train,prayer times,2,4598,4587,0.43698916555787876,10522,8,0.9425837320574163,0.26,0.429,0.6060606060606061,scalar
100k,revacuumed,84,train,ace frehley,2,133,133,0.012640182474814673,10522,8,0.9548872180451128,0.058,0.064,0.90625,scalar
100k,revacuumed,254,train,civil war battlefields,3,8892,8739,0.8450864854590382,10522,8,0.7412280701754386,0.444,0.66,0.6727272727272727,scalar
100k,revacuumed,108,train,missy elliott,2,180,180,0.017107013875689032,10522,8,0.9222222222222223,0.056,0.065,0.8615384615384615,scalar
100k,revacuumed,72,train,binghamton new york,3,20538,19824,1.9519102832161186,10522,8,0.7874184438601617,0.726,1.006,0.7216699801192843,scalar
100k,revacuumed,135,train,the movement,2,90351,88651,8.58686561490211,10522,8,0.9789376985312835,2.527,1.503,1.6813040585495678,scalar
100k,revacuumed,180,heldout,western herald,2,4502,4494,0.4278654248241779,10522,8,0.956241670368725,0.239,0.348,0.6867816091954023,scalar
100k,revacuumed,57,train,cured of cancer,3,78136,77587,7.425964645504657,10522,8,0.9910156649943688,2.305,1.426,1.6164095371669005,scalar
100k,revacuumed,232,heldout,little shop of horrors,4,80849,78175,7.683805360197681,10522,8,0.9577607638931835,2.461,1.546,1.5918499353169469,scalar
100k,revacuumed,260,train,new york towns,3,21255,20398,2.0200532218209464,10522,8,0.7608562691131499,0.761,1.032,0.7374031007751938,scalar
100k,revacuumed,178,heldout,times union,2,7697,7550,0.7315149211176583,10522,8,0.5630765233207743,0.414,0.63,0.6571428571428571,scalar
100k,revacuumed,285,train,animal rights,2,2122,2113,0.20167268580117848,10522,8,0.7262016965127238,0.144,0.232,0.6206896551724137,scalar
100k,revacuumed,249,train,king kalakaua,2,2589,2589,0.24605588291199393,10522,8,0.9996137504828119,0.166,0.243,0.6831275720164609,scalar
100k,revacuumed,268,train,bladder tumor,2,93,94,0.008838623835772667,10522,8,0.7526881720430108,0.057,0.062,0.9193548387096775,scalar
100k,revacuumed,127,train,lost episode,2,3818,3792,0.3628587720965596,10522,8,0.7771084337349398,0.269,0.437,0.6155606407322655,scalar
100k,revacuumed,262,train,hot springs south dakota,4,10903,10756,1.0362098460368752,10522,8,0.8624231862790058,0.501,0.715,0.7006993006993008,scalar
100k,revacuumed,302,train,a search engine is an information retrieval software system designed to help find information stored on one or more computer systems,20,368669,98756,35.03792054742444,10522,8,0.22366133306570393,8.663,4.875,1.777025641025641,scalar
100k,revacuumed,112,train,consumer affairs,2,1398,1395,0.13286447443451815,10522,8,0.8233190271816881,0.099,0.16,0.61875,scalar
100k,revacuumed,8,train,american funds,2,12981,12890,1.2337008173351074,10522,8,0.9432247130421385,0.499,0.694,0.7190201729106629,scalar
100k,revacuumed,62,heldout,connecticut post,2,4662,4642,0.44307165938034593,10522,8,0.8976833976833977,0.234,0.372,0.6290322580645161,scalar
100k,revacuumed,26,heldout,personal loan,2,4069,4047,0.3867135525565482,10522,8,0.8476284099287295,0.2,0.34,0.5882352941176471,scalar
100k,revacuumed,278,train,elizabeth vargas,2,953,952,0.09057213457517582,10522,8,0.9213011542497377,0.082,0.121,0.6776859504132232,scalar
100k,revacuumed,165,train,william wallace,2,3224,3217,0.3064056263067858,10522,8,0.93424317617866,0.159,0.277,0.5740072202166064,scalar
100k,revacuumed,13,train,french culinary institute,3,7168,7042,0.6812393081163277,10522,8,0.6023995535714286,0.339,0.528,0.6420454545454546,scalar
100k,revacuumed,301,train,to be or not to be,4,107006,75520,10.169739593233226,10522,8,0.5536044707773395,2.474,1.914,1.2925809822361547,scalar
100k,revacuumed,267,heldout,danube river,2,4039,4037,0.38386238357726665,10522,8,0.9878682842287695,0.213,0.366,0.5819672131147541,scalar
100k,revacuumed,120,train,barrett jackson,2,584,584,0.055502756130013306,10522,8,0.8784246575342466,0.068,0.096,0.7083333333333334,scalar
100k,revacuumed,154,train,phone cases,2,1370,1367,0.13020338338718876,10522,8,0.7313868613138687,0.095,0.149,0.6375838926174497,scalar
100k,revacuumed,155,train,the incredibles,2,88449,88448,8.406101501615662,10522,8,0.9999886940496784,2.215,1.368,1.6191520467836256,scalar
100k,revacuumed,45,train,hempstead new york,3,20525,19813,1.95067477665843,10522,8,0.7879171741778319,0.652,0.895,0.7284916201117319,scalar
100k,revacuumed,192,train,connecticut historical society,3,5488,5406,0.5215738452765634,10522,8,0.589832361516035,0.262,0.437,0.5995423340961099,scalar
100k,revacuumed,56,heldout,penny stocks,2,154,154,0.014636000760311728,10522,8,0.5584415584415584,0.051,0.056,0.9107142857142856,scalar
100k,revacuumed,160,train,game downloads,2,2909,2907,0.27646835202432996,10522,8,0.9773117909934685,0.147,0.252,0.5833333333333333,scalar
100k,revacuumed,38,train,new york population,3,24490,22985,2.327504276753469,10522,8,0.6603511637403021,0.782,0.998,0.7835671342685371,scalar
100k,revacuumed,239,train,cartoon network,2,1827,1825,0.1736361908382437,10522,8,0.9239189928845101,0.112,0.186,0.6021505376344086,scalar
100k,revacuumed,173,heldout,printer ink,2,207,206,0.019673065957042386,10522,8,0.5458937198067633,0.054,0.064,0.84375,scalar
100k,revacuumed,118,train,elise neal,2,118,118,0.011214597985173921,10522,8,0.7203389830508474,0.05,0.056,0.8928571428571429,scalar
100k,revacuumed,197,train,ford parts,2,2211,2203,0.21013115377304695,10522,8,0.8172772501130711,0.125,0.211,0.5924170616113744,scalar
100k,revacuumed,274,train,water filters,2,2992,2990,0.28435658620034215,10522,8,0.9849598930481284,0.147,0.243,0.6049382716049383,scalar
100k,revacuumed,204,heldout,debra jo rupp,3,246,246,0.023379585630108345,10522,8,0.9390243902439024,0.058,0.069,0.8405797101449275,scalar
100k,revacuumed,85,train,the globe newspaper,3,89911,88604,8.545048469872647,10522,8,0.9837283535941097,2.475,1.437,1.7223382045929019,scalar
100k,revacuumed,131,heldout,john wilkes booth,3,5763,5754,0.5477095609199772,10522,8,0.9743189311122679,0.265,0.437,0.6064073226544623,scalar
100k,revacuumed,5,train,digital scanning,2,966,965,0.09180764113286448,10522,8,0.9513457556935818,0.08,0.117,0.6837606837606838,scalar
100k,revacuumed,222,train,ambassador of italy,3,79768,77941,7.581068237977571,10522,8,0.9707401464246315,2.228,1.404,1.5868945868945872,scalar
100k,revacuumed,183,heldout,the actors studio,3,91205,88741,8.668028891845657,10522,8,0.969771394112165,2.482,1.449,1.7129054520358868,scalar
100k,revacuumed,146,train,pump it up,3,48284,44089,4.588861433187607,10522,8,0.7687018474028664,1.383,1.278,1.0821596244131455,scalar
100k,revacuumed,257,train,new york times best sellers list,6,35158,30955,3.3413799657859724,10522,8,0.45998065874054267,1.262,1.417,0.8906139731827805,scalar
100k,revacuumed,212,train,premier wine,2,1274,1271,0.12107964265348793,10522,8,0.7967032967032966,0.092,0.143,0.6433566433566434,scalar
100k,revacuumed,23,train,san francisco,2,3357,3333,0.31904580878160044,10522,8,0.7044980637473935,0.147,0.249,0.5903614457831325,scalar
100k,revacuumed,78,heldout,georgian architecture,2,1446,1443,0.13742634480136856,10522,8,0.863762102351314,0.1,0.162,0.6172839506172839,scalar
100k,revacuumed,92,train,jonathan daniel,2,1139,1136,0.10824938224672116,10522,8,0.6962247585601404,0.089,0.141,0.6312056737588653,scalar
100k,revacuumed,144,heldout,mercedes benz,2,127,128,0.012069948678958373,10522,8,0.7007874015748031,0.05,0.054,0.925925925925926,scalar
100k,revacuumed,191,heldout,chicago teachers union,3,5333,5257,0.5068428055502756,10522,8,0.6306019126195387,0.282,0.468,0.6025641025641024,scalar
100k,revacuumed,216,train,ventura college,2,7092,7089,0.6740163467021478,10522,8,0.9932318104906938,0.293,0.475,0.6168421052631579,scalar
100k,revacuumed,233,train,abilene tx,2,59,60,0.005607298992586961,10522,8,0.6779661016949152,0.042,0.045,0.9333333333333335,scalar
100k,revacuumed,189,train,hawk mountain,2,1597,1596,0.15177722866375215,10522,8,0.9448966812773951,0.102,0.168,0.6071428571428571,scalar
100k,revacuumed,2,train,griffith observatory,2,235,235,0.02233415700437179,10522,8,0.5617021276595745,0.057,0.067,0.8507462686567164,scalar
100k,revacuumed,9,train,scottsdale az,2,149,149,0.014160805930431477,10522,8,0.8590604026845637,0.051,0.057,0.894736842105263,scalar
100k,revacuumed,215,train,jungle boy,2,1004,1003,0.09541912183995438,10522,8,0.8645418326693227,0.081,0.125,0.648,scalar
100k,revacuumed,252,train,music videos,2,5162,5142,0.49059114236837104,10522,8,0.9161177838047269,0.224,0.385,0.5818181818181818,scalar
100k,revacuumed,243,train,low estrogen,2,2006,2005,0.19064816574795665,10522,8,0.9790628115653041,0.116,0.194,0.5979381443298969,scalar
100k,revacuumed,263,train,home business,2,9275,9080,0.8814864094278654,10522,8,0.6557412398921832,0.376,0.586,0.6416382252559727,scalar
100k,revacuumed,129,heldout,critical care medicine,3,3451,3412,0.32797947158334917,10522,8,0.4068385975079687,0.199,0.345,0.5768115942028986,scalar
100k,revacuumed,66,train,iq scores,2,264,264,0.025090287017677248,10522,8,0.9318181818181818,0.055,0.068,0.8088235294117646,scalar
100k,revacuumed,63,train,danbury ct,2,78,78,0.007413039346131914,10522,8,0.8076923076923077,0.048,0.052,0.9230769230769231,scalar
100k,revacuumed,107,train,walk the line,3,92893,88920,8.82845466641323,10522,8,0.9521492469830881,2.576,1.526,1.688073394495413,scalar
100k,revacuumed,153,train,sky news,2,2159,2152,0.20518912754229235,10522,8,0.8068550254747568,0.126,0.215,0.586046511627907,scalar
100k,revacuumed,193,train,shih tzu,2,18,18,0.0017107013875689032,10522,8,0.6111111111111112,0.044,0.045,0.9777777777777777,scalar
100k,revacuumed,225,train,law school rankings,3,12473,12162,1.1854210226192738,10522,8,0.7364707768780566,0.521,0.745,0.6993288590604028,scalar
100k,revacuumed,202,heldout,immigration to mexico,3,60736,59839,5.7722866375213835,10522,8,0.9753523445732349,1.982,1.451,1.3659545141281875,scalar
100k,revacuumed,96,heldout,tom welling,2,906,906,0.08610530317430147,10522,8,0.9977924944812362,0.076,0.114,0.6666666666666666,scalar
100k,revacuumed,169,train,time in denver,3,95269,84259,9.054267249572325,10522,8,0.8604792744754327,2.548,1.673,1.5230125523012552,scalar
100k,revacuumed,59,train,helen of troy,3,77834,77521,7.39726287777989,10522,8,0.994860857722846,2.183,1.39,1.5705035971223023,scalar
100k,revacuumed,77,train,famous quotes,2,1885,1883,0.1791484508648546,10522,8,0.9421750663129973,0.113,0.184,0.6141304347826088,scalar
100k,revacuumed,86,train,decorative windows,2,1109,1107,0.10539821326743964,10522,8,0.7141568981064021,0.085,0.131,0.648854961832061,scalar
100k,revacuumed,290,train,canary bird,2,483,482,0.04590382056643224,10522,8,0.84472049689441,0.064,0.086,0.744186046511628,scalar
100k,revacuumed,54,heldout,oxford dictionary,2,798,796,0.07584109484888804,10522,8,0.8170426065162907,0.076,0.109,0.6972477064220184,scalar
100k,revacuumed,157,train,worcester state college,3,18001,17213,1.7107964265348794,10522,8,0.6037442364313094,0.675,0.871,0.7749712973593571,scalar
100k,revacuumed,95,train,time for kids,3,59938,53618,5.696445542672496,10522,8,0.776402282358437,1.624,1.369,1.1862673484295108,scalar
100k,revacuumed,91,train,world bank president,3,18067,17280,1.7170689982892986,10522,8,0.6716665744174461,0.665,0.884,0.752262443438914,scalar
100k,revacuumed,291,train,health literacy,2,2371,2362,0.225337388329215,10522,8,0.8140025305778152,0.13,0.218,0.5963302752293578,scalar
100k,revacuumed,75,train,merry christmas,2,606,605,0.05759361338148641,10522,8,0.8762376237623762,0.068,0.094,0.723404255319149,scalar
100k,revacuumed,46,heldout,university of washington,3,90526,80242,8.603497433947918,10522,8,0.8553785652740649,2.421,1.569,1.54302103250478,scalar
100k,revacuumed,101,train,hotel del coronado,3,1744,1736,0.16574795666223152,10522,8,0.5194954128440367,0.119,0.189,0.6296296296296297,scalar
100k,revacuumed,241,train,interracial love,2,2042,2042,0.19406956852309448,10522,8,0.9887365328109696,0.117,0.201,0.582089552238806,scalar
100k,revacuumed,276,train,the preakness,2,88452,88449,8.40638661851359,10522,8,0.9999547777325555,2.227,1.32,1.687121212121212,scalar
100k,revacuumed,187,train,the oregonian newspaper,3,89650,88576,8.520243299752899,10522,8,0.9865923034021193,2.427,1.405,1.7274021352313167,scalar
100k,revacuumed,132,train,sesame street,2,2777,2777,0.26392320851549134,10522,8,0.9917176809506661,0.142,0.249,0.570281124497992,scalar
100k,revacuumed,186,heldout,bismarck state college,3,17941,17163,1.7050940885763164,10522,8,0.6057633353770693,0.675,0.888,0.7601351351351352,scalar
100k,revacuumed,52,train,jesus as a child,4,127490,89830,12.116517772286638,10522,8,0.6467722958663424,3.005,1.81,1.660220994475138,scalar
100k,revacuumed,22,train,stone mountain,2,2935,2913,0.2789393651397073,10522,8,0.5141396933560477,0.155,0.268,0.5783582089552238,scalar
100k,revacuumed,246,train,city in iran,3,91095,83537,8.657574605588291,10522,8,0.8999066908172787,2.438,1.582,1.5410872313527182,scalar
100k,revacuumed,11,train,the english restoration,3,93613,88996,8.896882721915986,10522,8,0.9448260391184985,2.547,1.508,1.6889920424403184,scalar
100k,revacuumed,87,train,ancient egypt,2,1825,1818,0.17344611290629158,10522,8,0.7117808219178082,0.111,0.18,0.6166666666666667,scalar
100k,revacuumed,93,heldout,clothing optional,2,441,440,0.041912183995438126,10522,8,0.7845804988662132,0.063,0.082,0.7682926829268293,scalar
100k,revacuumed,214,train,avon school,2,9256,9250,0.8796806690743205,10522,8,0.992437337942956,0.366,0.578,0.6332179930795848,scalar
100k,revacuumed,194,train,robert fuller,2,2476,2474,0.23531647975670025,10522,8,0.9575928917609047,0.133,0.224,0.59375,scalar
100k,revacuumed,277,train,blue ridge parkway,3,1800,1794,0.17107013875689034,10522,8,0.7227777777777777,0.123,0.194,0.634020618556701,scalar
100k,revacuumed,109,train,portrait studio,2,2561,2553,0.2433947918646645,10522,8,0.8559156579461148,0.138,0.238,0.5798319327731093,scalar
100k,revacuumed,110,train,calvin klein,2,190,189,0.018057403535449535,10522,8,0.5052631578947369,0.052,0.06,0.8666666666666667,scalar
100k,revacuumed,270,heldout,human trafficking,2,2040,2038,0.19387949059114237,10522,8,0.961764705882353,0.118,0.199,0.5929648241206029,scalar
100k,revacuumed,266,train,edith head,2,5020,5014,0.4770956091997719,10522,8,0.9760956175298805,0.221,0.375,0.5893333333333334,scalar
100k,revacuumed,282,heldout,chicago public schools,3,8618,8417,0.8190458087816005,10522,8,0.6206776514272453,0.365,0.582,0.627147766323024,scalar
100k,revacuumed,128,train,seal pictures,2,1312,1310,0.12469112336057783,10522,8,0.8605182926829268,0.094,0.147,0.6394557823129252,scalar
100k,revacuumed,240,train,robert reed,2,2557,2553,0.24301463600076031,10522,8,0.9272585060617912,0.136,0.231,0.5887445887445888,scalar
100k,revacuumed,256,heldout,eastern mennonite university,3,13868,13574,1.318000380155864,10522,8,0.8138880876838765,0.55,0.763,0.7208387942332897,scalar
100k,revacuumed,148,train,graduate management admission test,4,4307,4244,0.4093328264588481,10522,8,0.4195495704666821,0.232,0.378,0.6137566137566138,scalar
100k,revacuumed,113,train,adobe buildings,2,1680,1679,0.1596654628397643,10522,8,0.9714285714285714,0.104,0.175,0.5942857142857143,scalar
100k,revacuumed,70,train,montgomery college,2,7195,7185,0.683805360197681,10522,8,0.9790132036136205,0.303,0.483,0.6273291925465838,scalar
100k,revacuumed,51,train,intramuscular injections,2,19,19,0.0018057403535449534,10522,8,0.7894736842105263,0.038,0.039,0.9743589743589743,scalar
100k,revacuumed,280,train,air mattress,2,2456,2455,0.23341570043717924,10522,8,0.9955211726384365,0.134,0.226,0.5929203539823009,scalar
100k,revacuumed,174,train,all funds,2,14236,14135,1.3529747196350503,10522,8,0.9482298398426524,0.51,0.748,0.6818181818181819,scalar
100k,revacuumed,16,train,milwaukee newspaper,2,1401,1399,0.1331495913324463,10522,8,0.8458244111349036,0.097,0.159,0.610062893081761,scalar
100k,revacuumed,271,heldout,new england aquarium,3,19526,18977,1.8557308496483558,10522,8,0.8282290279627164,0.692,0.894,0.774049217002237,scalar
100k,revacuumed,7,heldout,borders books,2,2496,2488,0.23721725907622124,10522,8,0.8485576923076923,0.138,0.239,0.5774058577405858,scalar
100k,revacuumed,64,train,chicago bulls,2,1378,1376,0.13096369511499714,10522,8,0.9274310595065312,0.094,0.147,0.6394557823129252,scalar
100k,revacuumed,255,heldout,national security cutter,3,15052,14879,1.4305265158715073,10522,8,0.9179511028434759,0.562,0.759,0.7404479578392622,scalar
100k,revacuumed,248,heldout,becoming a widow,3,84752,82839,8.054742444402205,10522,8,0.9729209930149141,2.363,1.428,1.6547619047619049,scalar
100k,revacuumed,116,train,mid continent airport,3,3126,3104,0.29709180764113285,10522,8,0.7120921305182342,0.171,0.289,0.5916955017301039,scalar
100k,revacuumed,80,train,columbia university,2,12226,12119,1.1619463980231894,10522,8,0.9231964665467037,0.458,0.67,0.6835820895522388,scalar
100k,revacuumed,76,train,flow meter,2,768,766,0.07298992586960654,10522,8,0.6783854166666666,0.075,0.107,0.7009345794392523,scalar
100k,revacuumed,279,train,canon powershot,2,245,245,0.023284546664132294,10522,8,0.9918367346938776,0.054,0.066,0.8181818181818181,scalar
100k,revacuumed,159,train,jefferson davis high school,4,17693,16839,1.6815244250142558,10522,8,0.5191883795851466,0.648,0.869,0.7456846950517837,scalar
100k,revacuumed,122,train,john donne,2,5629,5628,0.5349743394791865,10522,8,0.9975128797299698,0.245,0.417,0.5875299760191847,scalar
100k,revacuumed,217,train,kansas city kings,3,9416,9341,0.8948869036304885,10522,8,0.9085598980458793,0.39,0.596,0.6543624161073825,scalar
100k,revacuumed,55,heldout,state of louisiana,3,88724,79884,8.432237217259075,10522,8,0.8727514539470718,2.324,1.515,1.533993399339934,scalar
100k,revacuumed,61,train,sore muscles,2,84,84,0.007983273141988215,10522,8,0.7380952380952381,0.048,0.047,1.0212765957446808,scalar
100k,revacuumed,231,heldout,ugly people,2,7069,7065,0.6718304504846987,10522,8,0.9900976092799547,0.294,0.485,0.6061855670103092,scalar
100k,revacuumed,141,train,aishwarya rai,2,115,115,0.010929481087245771,10522,8,0.8782608695652174,0.05,0.055,0.9090909090909092,scalar
100k,revacuumed,288,train,power rangers ninja storm,4,3114,3098,0.29595134004942025,10522,8,0.7896596017983302,0.177,0.291,0.6082474226804124,scalar
100k,revacuumed,161,heldout,chicken noodle soup,3,197,196,0.018722676297281887,10522,8,0.6345177664974619,0.058,0.067,0.8656716417910447,scalar
100k,revacuumed,30,heldout,graffiti art,2,3529,3527,0.3353925109294811,10522,8,0.9793142533295551,0.17,0.292,0.5821917808219179,scalar
100k,revacuumed,181,heldout,care a lot,3,84581,82810,8.0384907812203,10522,8,0.9748879772052825,2.32,1.429,1.623512946116165,scalar
100k,revacuumed,166,train,home loan,2,6702,6664,0.6369511499714883,10522,8,0.9074903014025664,0.281,0.467,0.6017130620985011,scalar
100k,revacuumed,27,train,texas state legislature,3,12764,12550,1.2130773617183046,10522,8,0.8514572234409276,0.506,0.701,0.7218259629101285,scalar
100k,revacuumed,199,train,roundabout theatre,2,1281,1280,0.12174491541532029,10522,8,0.9750195160031225,0.092,0.145,0.6344827586206897,scalar
100k,revacuumed,123,train,evening wear,2,974,971,0.09256795286067288,10522,8,0.6683778234086243,0.083,0.127,0.6535433070866142,scalar
100k,revacuumed,151,train,bankruptcy laws,2,780,779,0.07413039346131914,10522,8,0.8576923076923076,0.076,0.108,0.7037037037037037,scalar
100k,revacuumed,177,train,edith wharton,2,159,160,0.01511119559019198,10522,8,0.7547169811320755,0.052,0.059,0.8813559322033898,scalar
100k,revacuumed,130,train,hurricane wilma,2,156,156,0.014826078692263827,10522,8,0.8910256410256411,0.057,0.067,0.8507462686567164,scalar
100k,revacuumed,44,train,third trimester,2,5489,5489,0.5216688842425394,10522,8,0.999635634906176,0.238,0.407,0.5847665847665848,scalar
100k,revacuumed,114,train,national book award,3,20864,19772,1.982892986124311,10522,8,0.6622411809815951,0.745,0.95,0.7842105263157895,scalar
100k,revacuumed,14,heldout,color combinations,2,1039,1037,0.09874548564911614,10522,8,0.9278152069297402,0.083,0.123,0.6747967479674797,scalar
100k,revacuumed,167,train,cherry blossom,2,187,187,0.017772286637521385,10522,8,0.7433155080213903,0.053,0.062,0.8548387096774194,scalar
100k,revacuumed,67,train,philadelphia phillies,2,615,615,0.05844896407527086,10522,8,0.9463414634146341,0.066,0.092,0.7173913043478262,scalar
100k,revacuumed,17,train,robert green ingersoll,3,4039,3998,0.38386238357726665,10522,8,0.5870264917058677,0.211,0.343,0.6151603498542273,scalar
100k,revacuumed,250,train,centerville high school,3,16802,16095,1.5968447063295952,10522,8,0.5467206284966075,0.592,0.812,0.7290640394088669,scalar
100k,revacuumed,50,heldout,kasota stone,2,1427,1426,0.13562060444782362,10522,8,0.9992992291520673,0.104,0.167,0.622754491017964,scalar
100k,revacuumed,295,train,united states constitution,3,17125,16348,1.6275422923398593,10522,8,0.5130510948905109,0.487,0.709,0.68688293370945,scalar
100k,revacuumed,142,heldout,trendy clothes,2,239,238,0.022714312868275993,10522,8,0.9497907949790795,0.055,0.061,0.9016393442622951,scalar
100k,revacuumed,73,heldout,tallest trees in the world,5,183408,97429,17.43090667173541,10522,8,0.4822472302189654,3.345,2.17,1.5414746543778803,scalar
100k,revacuumed,143,train,weather underground,2,1051,1048,0.09988595324082875,10522,8,0.5214081826831589,0.087,0.128,0.6796874999999999,scalar
100k,revacuumed,171,heldout,wildlife photography,2,825,823,0.0784071469302414,10522,8,0.5587878787878788,0.078,0.116,0.6724137931034483,scalar
100k,revacuumed,34,train,region iv,2,5085,5062,0.4832731419882152,10522,8,0.9020648967551622,0.219,0.357,0.6134453781512605,scalar
100k,revacuumed,251,train,foam mattress,2,43,43,0.004086675536970158,10522,8,0.7441860465116279,0.042,0.044,0.9545454545454547,scalar
100k,revacuumed,104,train,kenosha wisconsin,2,829,828,0.0787873027941456,10522,8,0.9843184559710495,0.075,0.108,0.6944444444444444,scalar
100k,revacuumed,210,train,playa del rey,3,1023,1022,0.09722486219349934,10522,8,0.8856304985337243,0.086,0.124,0.6935483870967741,scalar
100k,revacuumed,176,train,john klein,2,5711,5705,0.5427675346892226,10522,8,0.9831903344423043,0.249,0.421,0.5914489311163895,scalar
100k,revacuumed,115,train,back surgery,2,5558,5539,0.528226572894887,10522,8,0.9354084202950702,0.241,0.41,0.5878048780487805,scalar
100k,revacuumed,28,train,spiritual warfare,2,767,766,0.07289488690363048,10522,8,0.6688396349413298,0.076,0.107,0.7102803738317757,scalar
100k,revacuumed,175,heldout,zion national park,3,16770,16355,1.5938034594183614,10522,8,0.8239117471675611,0.618,0.819,0.7545787545787546,scalar
100k,revacuumed,53,train,montessori schools,2,2004,2003,0.19045808781600457,10522,8,0.9935129740518962,0.117,0.196,0.5969387755102041,scalar
100k,revacuumed,20,heldout,who dares wins,3,23588,23385,2.2417791294430716,10522,8,0.9625657113786671,0.796,0.948,0.839662447257384,scalar
100k,revacuumed,163,train,microsoft frontpage,2,186,186,0.017677247671545333,10522,8,0.9946236559139785,0.053,0.062,0.8548387096774194,scalar
100k,revacuumed,219,train,ron keel,2,338,337,0.032123170499904964,10522,8,0.863905325443787,0.058,0.074,0.7837837837837839,scalar
100k,revacuumed,139,heldout,books on cd,3,48741,47454,4.632294240638662,10522,8,0.9434767444246117,1.445,1.232,1.1728896103896105,scalar
100k,revacuumed,145,train,analog computer,2,929,929,0.08829119939175062,10522,8,0.9117330462863293,0.079,0.121,0.6528925619834711,scalar
100k,revacuumed,247,train,corpus christi tx,3,211,212,0.020053221820946588,10522,8,0.5450236966824644,0.058,0.066,0.8787878787878788,scalar
100k,revacuumed,234,train,internet fraud,2,873,872,0.0829690172970918,10522,8,0.827033218785796,0.078,0.117,0.6666666666666666,scalar
100k,revacuumed,264,train,perfume bottles,2,111,111,0.01054932522334157,10522,8,0.7117117117117117,0.05,0.05,1.0,scalar
100k,revacuumed,83,train,international baseball,2,7199,7156,0.6841855160615853,10522,8,0.9084595082650369,0.304,0.499,0.6092184368737474,scalar
100k,revacuumed,272,train,the book of life,4,179076,97007,17.01919787112716,10522,8,0.49391319886528623,3.152,2.124,1.4839924670433144,scalar
100k,revacuumed,185,train,david koresh,2,2164,2164,0.20566432237217258,10522,8,0.9995378927911276,0.121,0.199,0.6080402010050251,scalar
100k,revacuumed,273,train,rolex watches,2,87,87,0.008268390039916366,10522,8,0.9310344827586207,0.045,0.048,0.9375,scalar
100k,revacuumed,90,train,good luck,2,2771,2766,0.26335297471963504,10522,8,0.9476723204619271,0.143,0.244,0.5860655737704917,scalar
100k,revacuumed,299,heldout,google satellite,2,582,582,0.0553126781980612,10522,8,0.6013745704467354,0.069,0.096,0.71875,scalar
100k,revacuumed,164,train,camp claiborne,2,970,970,0.09218779699676867,10522,8,0.9804123711340206,0.081,0.118,0.6864406779661018,scalar
100k,revacuumed,149,heldout,big boss man,3,5591,5509,0.5313628587720965,10522,8,0.5660883562868897,0.267,0.438,0.6095890410958904,scalar
100k,revacuumed,293,train,jamie murray,2,454,454,0.04314769055312678,10522,8,0.6629955947136564,0.063,0.084,0.75,scalar
100k,revacuumed,206,train,tennis elbow,2,603,603,0.057308496483558256,10522,8,0.9369817578772802,0.067,0.092,0.7282608695652174,scalar
100k,revacuumed,190,train,kristanna loken,2,4,3,0.00038015586390420075,10522,8,0.75,0.022,0.023,0.9565217391304347,scalar
100k,revacuumed,287,heldout,central community college,3,16519,15634,1.569948678958373,10522,8,0.4264180640474605,0.649,0.867,0.7485582468281431,scalar
100k,revacuumed,237,heldout,university of akron,3,88777,79905,8.437274282455807,10522,8,0.8722304200412269,2.32,1.534,1.51238591916558,scalar
100k,revacuumed,58,train,lord of the rings,4,167000,96734,15.871507318000381,10522,8,0.52962874251497,3.047,1.945,1.5665809768637533,scalar
100k,revacuumed,226,train,hsbc bank,2,1557,1556,0.14797567002471013,10522,8,0.9942196531791907,0.099,0.164,0.6036585365853658,scalar
100k,revacuumed,198,heldout,automatic writing,2,2204,2198,0.2094658810112146,10522,8,0.8602540834845736,0.127,0.216,0.587962962962963,scalar
100k,revacuumed,6,train,plus size clothing,3,2283,2268,0.21697395932332256,10522,8,0.580814717477004,0.138,0.228,0.6052631578947368,scalar
100k,revacuumed,39,heldout,most improved player,3,16588,15910,1.5765063676107205,10522,8,0.6313600192910538,0.622,0.824,0.7548543689320388,scalar
100k,revacuumed,69,train,naomi wallace,2,264,264,0.025090287017677248,10522,8,0.803030303030303,0.055,0.067,0.8208955223880596,scalar
100k,revacuumed,221,train,open source software,3,5421,5338,0.515206234556168,10522,8,0.5832872163807415,0.259,0.42,0.6166666666666667,scalar
100k,revacuumed,68,heldout,trans siberian orchestra,3,766,765,0.07279984793765444,10522,8,0.6879895561357703,0.081,0.114,0.7105263157894737,scalar
100k,revacuumed,152,train,antonio cromartie,2,623,622,0.05920927580307926,10522,8,0.9983948635634029,0.069,0.096,0.71875,scalar
100k,revacuumed,259,train,rob halford,2,263,263,0.024995248051701197,10522,8,0.973384030418251,0.056,0.068,0.8235294117647058,scalar
100k,revacuumed,134,train,jaguar x type,3,3304,3277,0.3140087435848698,10522,8,0.6077481840193705,0.176,0.299,0.588628762541806,scalar
100k,revacuumed,229,train,the progressive,2,88852,88491,8.44440220490401,10522,8,0.9954531130419124,2.311,1.352,1.7093195266272188,scalar
100k,revacuumed,89,heldout,york photo,2,4645,4631,0.4414559969587531,10522,8,0.9343379978471474,0.209,0.357,0.5854341736694678,scalar
100k,revacuumed,31,train,texas death row,3,6557,6462,0.623170499904961,10522,8,0.7199938996492299,0.303,0.487,0.62217659137577,scalar
100k,revacuumed,47,train,japan airlines,2,2792,2788,0.2653487930051321,10522,8,0.9391117478510028,0.141,0.223,0.632286995515695,scalar
100k,revacuumed,242,heldout,round table,2,3751,3726,0.3564911613761642,10522,8,0.7675286590242602,0.178,0.304,0.5855263157894737,scalar
100k,revacuumed,283,train,george r brown convention center,5,11896,11366,1.130583539251093,10522,8,0.2962340282447882,0.564,0.796,0.708542713567839,scalar
100k,revacuumed,41,heldout,mercury insurance,2,491,490,0.046664132294240636,10522,8,0.7393075356415478,0.066,0.09,0.7333333333333334,scalar
100k,revacuumed,60,train,long legs,2,5901,5882,0.5608249382246722,10522,8,0.9410269445856635,0.257,0.429,0.5990675990675991,scalar
100k,revacuumed,138,heldout,little brown jug,3,4634,4581,0.44041056833301656,10522,8,0.6029348295209322,0.245,0.394,0.6218274111675126,scalar
100k,revacuumed,201,train,the garden of eden,4,166742,96728,15.846987264778559,10522,8,0.5304482373966967,3.08,2.048,1.50390625,scalar
100k,revacuumed,296,heldout,niceville high school,3,16792,16086,1.5958943166698347,10522,8,0.5470462124821344,0.757,0.953,0.7943336831059812,scalar
100k,revacuumed,117,train,developmental delays,2,247,247,0.023474624596084393,10522,8,0.5263157894736842,0.067,0.077,0.8701298701298702,scalar
100k,revacuumed,33,train,interest only,2,12686,12471,1.2056643223721726,10522,8,0.843449471858742,0.479,0.704,0.6803977272727273,scalar
100k,revacuumed,1,train,the,1,88448,88448,8.406006462649687,10522,8,1.0,1.782,1.09,1.6348623853211008,scalar
100k,revacuumed,3,train,bowel obstruction,2,52,52,0.004942026230754609,10522,8,0.5961538461538461,0.045,0.044,1.0227272727272727,scalar
100k,revacuumed,300,train,laborers international union of north america,6,98218,81639,9.334537160235696,10522,8,0.788389093648822,2.951,1.932,1.527432712215321,scalar
100k,revacuumed,82,train,american south,2,21647,20485,2.057308496483558,10522,8,0.5656211022312561,0.741,0.931,0.7959183673469388,scalar
100k,revacuumed,48,heldout,freedom tower,2,1746,1738,0.1659380345941836,10522,8,0.5372279495990836,0.112,0.182,0.6153846153846154,scalar
100k,revacuumed,10,train,wisconsin attorney general,3,6849,6771,0.6509218779699677,10522,8,0.8058110673090962,0.304,0.503,0.6043737574552683,scalar
100k,revacuumed,35,heldout,army reserve,2,4093,4061,0.3889944877399734,10522,8,0.7595895431224041,0.193,0.328,0.5884146341463414,scalar
100k,revacuumed,106,train,cheap hotels,2,318,317,0.03022239118038396,10522,8,0.7075471698113207,0.058,0.072,0.8055555555555557,scalar
100k,revacuumed,49,train,virginia usa,2,2405,2391,0.22856871317240068,10522,8,0.5276507276507276,0.134,0.218,0.6146788990825689,scalar
100k,revacuumed,172,train,david kim,2,2481,2475,0.23579167458658049,10522,8,0.871825876662636,0.134,0.23,0.5826086956521739,scalar
100k,revacuumed,74,heldout,reading museum,2,2666,2651,0.25337388329214977,10522,8,0.719429857464366,0.145,0.244,0.5942622950819672,scalar
100k,revacuumed,121,heldout,bmw engines,2,402,402,0.03820566432237217,10522,8,0.8606965174129353,0.061,0.079,0.7721518987341772,scalar
100k,revacuumed,158,train,little cars,2,3323,3308,0.31581448393841477,10522,8,0.8408065001504664,0.164,0.283,0.579505300353357,scalar
100k,revacuumed,12,train,freelance work,2,8184,8171,0.7777988975479947,10522,8,0.9808162267839687,0.329,0.78,0.4217948717948718,scalar
100k,revacuumed,162,train,music stands,2,5629,5586,0.5349743394791865,10522,8,0.84011369692663,0.249,0.423,0.5886524822695035,scalar
100k,revacuumed,125,heldout,critical care nurse,3,2787,2765,0.26487359817525186,10522,8,0.503767491926803,0.19,0.285,0.6666666666666667,scalar
100k,revacuumed,207,heldout,kidney transplant,2,123,123,0.011689792815054173,10522,8,0.7154471544715447,0.058,0.066,0.8787878787878788,scalar
100k,revacuumed,265,heldout,old photos,2,4997,4986,0.47490971298232276,10522,8,0.9529717830698419,0.237,0.395,0.6,scalar
100k,revacuumed,188,train,justin timberlake,2,211,211,0.020053221820946588,10522,8,0.95260663507109,0.053,0.064,0.828125,scalar
100k,revacuumed,236,train,new jersey police,3,18447,18066,1.7531838053601976,10522,8,0.8766737138830162,0.645,0.867,0.7439446366782008,scalar
100k,revacuumed,228,train,mushroom kingdom,2,1900,1899,0.18057403535449534,10522,8,0.9721052631578947,0.113,0.19,0.5947368421052631,scalar
100k,revacuumed,21,train,west palm beach florida,4,8493,8346,0.8071659380345941,10522,8,0.7559166372306605,0.383,0.575,0.6660869565217392,scalar
100k,revacuumed,100,train,fatherless children,2,4367,4367,0.4150351644174111,10522,8,0.9990840393863064,0.197,0.348,0.5660919540229886,scalar
100k,revacuumed,99,heldout,st petersburg high school,4,23385,21589,2.2224862193499333,10522,8,0.39281590763309815,0.934,1.124,0.8309608540925266,scalar
100k,revacuumed,298,train,true religion,2,1655,1649,0.15728948869036305,10522,8,0.6302114803625377,0.106,0.173,0.6127167630057804,scalar
100k,revacuumed,196,train,bass fishing,2,891,889,0.0846797186846607,10522,8,0.5364758698092031,0.093,0.123,0.7560975609756098,scalar
100k,revacuumed,203,heldout,the daily breeze,3,89814,88594,8.53582969017297,10522,8,0.9847907898545883,2.615,1.505,1.7375415282392028,scalar
100k,revacuumed,292,train,david thornton,2,2226,2225,0.2115567382626877,10522,8,0.9716981132075472,0.147,0.257,0.5719844357976653,scalar
100k,revacuumed,71,heldout,belcourt castle,2,789,789,0.07498574415510359,10522,8,0.9974651457541192,0.096,0.144,0.6666666666666667,scalar
100k,revacuumed,32,train,catholic answers,2,1709,1707,0.16242159285306976,10522,8,0.914569923932124,0.15,0.213,0.704225352112676,scalar
100k,revacuumed,88,train,american academy of child and adolescent psychiatry,7,164547,93802,15.63837673446113,10522,8,0.47058895026952785,3.675,2.279,1.6125493637560333,scalar
100k,revacuumed,94,train,xena warrior princess,3,540,540,0.0513210416270671,10522,8,0.7074074074074074,0.07,0.094,0.7446808510638299,scalar
100k,revacuumed,105,train,false prophets,2,351,351,0.033358677057593614,10522,8,0.905982905982906,0.059,0.075,0.7866666666666666,scalar
100k,revacuumed,253,train,farmers almanac,2,422,422,0.040106443641893176,10522,8,0.957345971563981,0.062,0.081,0.7654320987654321,scalar
100k,revacuumed,284,heldout,warren county,2,7320,7299,0.6956852309446874,10522,8,0.9591530054644809,0.296,0.454,0.6519823788546255,scalar
100k,revacuumed,294,train,boulder city nevada,3,8878,8851,0.8437559399353735,10522,8,0.9636179319666591,0.381,0.588,0.6479591836734694,scalar
100k,revacuumed,137,train,dexter michigan,2,819,818,0.0778369131343851,10522,8,0.945054945054945,0.08,0.115,0.6956521739130435,scalar
100k,revacuumed,29,train,georgia public broadcasting,3,6935,6843,0.659095229043908,10522,8,0.7713049747656813,0.313,0.501,0.624750499001996,scalar
100k,revacuumed,223,heldout,los angeles daily news,4,5853,5725,0.5562630678578218,10522,8,0.29762514949598495,0.247,0.406,0.6083743842364532,scalar
100k,revacuumed,18,train,omaha symphony,2,299,299,0.028416650826839005,10522,8,0.7357859531772575,0.057,0.071,0.8028169014084509,scalar
100k,revacuumed,65,train,child support,2,4928,4873,0.4683520243299753,10522,8,0.6601055194805194,0.23,0.393,0.5852417302798982,scalar
100k,revacuumed,261,train,medal of honor,3,80235,78041,7.625451435088387,10522,8,0.9650900479840469,2.223,1.433,1.5512909979064897,scalar
100k,revacuumed,275,train,general motors,2,5644,5637,0.5363999239688272,10522,8,0.9778525868178597,0.246,0.419,0.5871121718377088,scalar
100k,revacuumed,238,train,the news journal,3,91411,88762,8.687606918836723,10522,8,0.967585957926289,2.511,1.471,1.7070020394289598,scalar
100k,revacuumed,289,heldout,movie theatres,2,1326,1325,0.12602166888424254,10522,8,0.8966817496229261,0.096,0.148,0.6486486486486487,scalar
100k,revacuumed,218,heldout,new haven,2,16396,16359,1.5582588861433189,10522,8,0.9863381312515248,0.577,0.783,0.7369093231162196,scalar
100k,revacuumed,286,train,david lee roth,3,3150,3128,0.29937274282455806,10522,8,0.6866666666666666,0.168,0.28,0.6,scalar
100k,revacuumed,258,heldout,usb hub,2,211,211,0.020053221820946588,10522,8,0.7867298578199052,0.054,0.063,0.8571428571428571,scalar
100k,revacuumed,281,train,pocket pc,2,332,332,0.03155293670404866,10522,8,0.5662650602409639,0.067,0.078,0.858974358974359,scalar
100k,revacuumed,15,heldout,italian translation,2,2586,2576,0.24577076601406578,10522,8,0.8081979891724671,0.144,0.237,0.6075949367088608,scalar
100k,revacuumed,102,heldout,law dictionary,2,3224,3220,0.3064056263067858,10522,8,0.9547146401985112,0.161,0.276,0.5833333333333333,scalar
100k,revacuumed,208,heldout,us coast guard,3,5481,5390,0.520908572514731,10522,8,0.5210727969348659,0.269,0.428,0.6285046728971964,scalar
100k,revacuumed,36,train,chicken coop,2,147,147,0.013970727998479376,10522,8,0.8503401360544217,0.052,0.057,0.9122807017543859,scalar
100k,revacuumed,147,heldout,food carts,2,1249,1249,0.11870366850408667,10522,8,0.9839871897518014,0.103,0.153,0.6732026143790849,scalar
100k,revacuumed,184,heldout,personal chef,2,3580,3575,0.34023949819425964,10522,8,0.9634078212290503,0.173,0.301,0.574750830564784,scalar
100k,revacuumed,37,train,people having sex,3,11735,11379,1.115282265728949,10522,8,0.5964209629314018,0.461,0.681,0.6769456681350954,scalar
100k,revacuumed,168,train,miami dade college,3,7488,7457,0.7116517772286638,10522,8,0.9407051282051282,0.332,0.511,0.6497064579256361,scalar
100k,revacuumed,170,train,naked news,2,1892,1889,0.17981372362668693,10522,8,0.9207188160676533,0.112,0.192,0.5833333333333334,scalar
100k,revacuumed,97,heldout,elliott smith,2,1318,1316,0.12526135715643413,10522,8,0.874051593323217,0.092,0.147,0.6258503401360545,scalar
100k,revacuumed,179,heldout,milan tennessee,2,893,891,0.08486979661661281,10522,8,0.6293393057110862,0.08,0.119,0.6722689075630253,scalar
100k,revacuumed,195,heldout,zip code,2,971,970,0.09228283596274472,10522,8,0.8867147270854789,0.076,0.109,0.6972477064220184,scalar
100k,revacuumed,81,train,fluid power,2,2613,2610,0.24833681809541913,10522,8,0.9410639112131649,0.138,0.239,0.5774058577405858,scalar
100k,revacuumed,24,train,ford modeling agency,3,1618,1611,0.1537730469492492,10522,8,0.6520395550061805,0.112,0.176,0.6363636363636365,scalar
100k,revacuumed,40,train,ear ache,2,177,177,0.016821896977760882,10522,8,0.943502824858757,0.052,0.06,0.8666666666666667,scalar
100k,revacuumed,98,train,heart disease,2,2069,2059,0.19663562060444784,10522,8,0.6689221846302562,0.119,0.199,0.5979899497487436,scalar
100k,revacuumed,19,heldout,body painting,2,3041,3022,0.2890134955331686,10522,8,0.7234462347911871,0.156,0.264,0.5909090909090908,scalar
100k,revacuumed,124,train,toxic encephalopathy,2,117,117,0.011119559019197872,10522,8,0.9572649572649573,0.052,0.054,0.9629629629629629,scalar
250k,vacuumed,244,train,akron beacon,2,326,325,0.012251954299458809,26608,8,0.5920245398773006,0.024,0.036,0.6666666666666667,scalar
250k,vacuumed,297,train,sleep study,2,6599,6584,0.24800811785929044,26608,8,0.9063494468858918,0.145,0.405,0.3580246913580246,scalar
250k,vacuumed,224,heldout,napa auto parts,3,6693,6676,0.2515408899579074,26608,8,0.9025847900791872,0.151,0.355,0.4253521126760563,scalar
250k,vacuumed,140,heldout,carolyn jones,2,2075,2074,0.07798406494287433,26608,8,0.9363855421686746,0.06,0.138,0.4347826086956521,scalar
250k,vacuumed,136,heldout,sarah fisher,2,1484,1483,0.055772699939867706,26608,8,0.6866576819407008,0.05,0.103,0.48543689320388356,scalar
250k,vacuumed,103,train,anderson hospital,2,5100,5082,0.19167167769092003,26608,8,0.79,0.125,0.293,0.42662116040955633,scalar
250k,vacuumed,220,train,business consultants,2,8418,8414,0.31637101623571856,26608,8,0.9842005226894749,0.182,0.433,0.42032332563510394,scalar
250k,vacuumed,126,heldout,the breakfast club,3,240240,228083,9.028863499699339,26608,8,0.9442390942390942,3.84,3.033,1.2660731948565775,scalar
250k,vacuumed,156,heldout,padre island,2,8225,8223,0.30911755862898377,26608,8,0.990516717325228,0.452,1.14,0.3964912280701755,scalar
250k,vacuumed,269,train,the british embassy,3,239381,228003,8.996579975947084,26608,8,0.9476274223935901,3.708,2.858,1.29741077676697,scalar
250k,vacuumed,235,train,tv party,2,15070,14864,0.5663710162357186,26608,8,0.6541473125414732,0.38,0.77,0.4935064935064935,scalar
250k,vacuumed,42,heldout,battle of the bulge,4,440161,246153,16.542430847865305,26608,8,0.5153659683615768,4.57,3.723,1.2275047005103412,scalar
250k,vacuumed,200,heldout,table lamps,2,2641,2639,0.09925586289837643,26608,8,0.9257856872396819,0.061,0.149,0.40939597315436244,scalar
250k,vacuumed,205,train,term life insurance,3,30488,29771,1.1458208057727,26608,8,0.7527551823668328,0.639,1.219,0.5242001640689089,scalar
250k,vacuumed,150,train,gun magazines,2,3273,3263,0.12300811785929044,26608,8,0.6388634280476627,0.095,0.201,0.47263681592039797,scalar
250k,vacuumed,213,heldout,too faced,2,7503,7456,0.2819828622970535,26608,8,0.7109156337465014,0.161,0.355,0.45352112676056344,scalar
250k,vacuumed,209,train,car stereo,2,3619,3616,0.13601172579675286,26608,8,0.9436308372478586,0.093,0.214,0.43457943925233644,scalar
250k,vacuumed,211,train,domain names,2,5262,5243,0.19776007215874924,26608,8,0.7886735081717978,0.122,0.287,0.4250871080139373,scalar
250k,vacuumed,133,train,ellen degeneres show,3,9880,9862,0.3713168971737823,26608,8,0.9526315789473684,0.234,0.543,0.430939226519337,scalar
250k,vacuumed,182,train,costume designers,2,856,856,0.03217077570655442,26608,8,0.5245327102803738,0.035,0.065,0.5384615384615385,scalar
250k,vacuumed,245,heldout,john wellington,2,16159,16120,0.607298556825015,26608,8,0.9608267838356334,0.3,0.761,0.39421813403416556,scalar
250k,vacuumed,227,train,cognitive impairment,2,414,414,0.015559230306674684,26608,8,0.678743961352657,0.025,0.039,0.6410256410256411,scalar
250k,vacuumed,230,heldout,mood swings,2,463,463,0.017400781719783525,26608,8,0.712742980561555,0.028,0.043,0.6511627906976745,scalar
250k,vacuumed,43,train,secretary of state,3,236996,212418,8.906945279615153,26608,8,0.8754071798680146,3.422,2.966,1.1537424140256236,scalar
250k,vacuumed,4,train,vicenza italy,2,4739,4738,0.1781043295249549,26608,8,0.9873391010761764,0.105,0.26,0.4038461538461538,scalar
250k,vacuumed,25,train,glass works,2,11668,11603,0.4385147324113049,26608,8,0.8600445663352759,0.253,0.604,0.4188741721854305,scalar
250k,vacuumed,119,train,canadian real estate,3,13394,13165,0.5033824413710163,26608,8,0.41018366432731074,0.344,0.691,0.49782923299565845,scalar
250k,vacuumed,111,train,kitchen accessories,2,962,961,0.03615453998797354,26608,8,0.7650727650727651,0.044,0.083,0.5301204819277108,scalar
250k,vacuumed,79,train,prayer times,2,13205,13169,0.4962793144918821,26608,8,0.9455509276789095,0.267,0.658,0.40577507598784196,scalar
250k,vacuumed,84,train,ace frehley,2,388,387,0.014582080577269995,26608,8,0.9768041237113402,0.026,0.038,0.6842105263157895,scalar
250k,vacuumed,254,train,civil war battlefields,3,24550,24100,0.9226548406494287,26608,8,0.7525458248472505,0.551,1.026,0.5370370370370371,scalar
250k,vacuumed,108,train,missy elliott,2,406,406,0.015258568851473241,26608,8,0.9236453201970444,0.024,0.04,0.6,scalar
250k,vacuumed,72,train,binghamton new york,3,56960,54771,2.1407095610342752,26608,8,0.7854810393258427,1.065,1.81,0.5883977900552486,scalar
250k,vacuumed,135,train,the movement,2,231711,227295,8.7083208057727,26608,8,0.9789953864943831,2.917,2.62,1.113358778625954,scalar
250k,vacuumed,180,heldout,western herald,2,12913,12886,0.48530517137702944,26608,8,0.9570974986447766,0.26,0.614,0.4234527687296417,scalar
250k,vacuumed,57,train,cured of cancer,3,209338,207786,7.867483463619964,26608,8,0.9910670781224622,3.347,2.709,1.2355112587670727,scalar
250k,vacuumed,232,heldout,little shop of horrors,4,217678,209195,8.180923030667469,26608,8,0.9530958571835464,3.589,2.844,1.2619549929676512,scalar
250k,vacuumed,260,train,new york towns,3,59212,56530,2.2253457606734814,26608,8,0.7556069715598189,1.136,1.888,0.6016949152542372,scalar
250k,vacuumed,178,heldout,times union,2,21167,20734,0.7955126277811184,26608,8,0.589880474323239,0.479,0.982,0.48778004073319753,scalar
250k,vacuumed,285,train,animal rights,2,6180,6146,0.23226097414311486,26608,8,0.6796116504854369,0.149,0.343,0.434402332361516,scalar
250k,vacuumed,249,train,king kalakaua,2,7117,7117,0.2674759470835839,26608,8,0.9997189827174371,0.151,0.378,0.3994708994708995,scalar
250k,vacuumed,268,train,bladder tumor,2,279,279,0.01048556825015033,26608,8,0.6702508960573477,0.026,0.036,0.7222222222222222,scalar
250k,vacuumed,127,train,lost episode,2,11222,11134,0.4217528562838244,26608,8,0.7746391017643913,0.244,0.567,0.4303350970017637,scalar
250k,vacuumed,262,train,hot springs south dakota,4,30537,30005,1.147662357185809,26608,8,0.8378688148803092,0.74,1.399,0.5289492494639028,scalar
250k,vacuumed,302,train,a search engine is an information retrieval software system designed to help find information stored on one or more computer systems,20,984331,249633,36.99379885748647,26608,8,0.21911938159013583,17.443,9.982,1.7474454017231018,scalar
250k,vacuumed,112,train,consumer affairs,2,3781,3773,0.14210012026458207,26608,8,0.8116900290928326,0.095,0.227,0.4185022026431718,scalar
250k,vacuumed,8,train,american funds,2,31297,31078,1.1762251954299459,26608,8,0.940729143368374,0.638,1.279,0.49882720875684133,scalar
250k,vacuumed,62,heldout,connecticut post,2,11102,11055,0.41724293445580274,26608,8,0.893622770671951,0.233,0.556,0.41906474820143885,scalar
250k,vacuumed,26,heldout,personal loan,2,9920,9864,0.3728202044497895,26608,8,0.8280241935483871,0.219,0.505,0.43366336633663366,scalar
250k,vacuumed,278,train,elizabeth vargas,2,2362,2360,0.0887702946482261,26608,8,0.9356477561388654,0.065,0.149,0.43624161073825507,scalar
250k,vacuumed,165,train,william wallace,2,8790,8773,0.3303517739025857,26608,8,0.9400455062571104,0.197,0.466,0.4227467811158798,scalar
250k,vacuumed,13,train,french culinary institute,3,17080,16806,0.6419122068550812,26608,8,0.6375292740046838,0.435,0.873,0.49828178694158076,scalar
250k,vacuumed,301,train,to be or not to be,4,312687,205366,11.751616055321708,26608,8,0.5201943157214722,4.653,3.857,1.2063780140005185,scalar
250k,vacuumed,267,heldout,danube river,2,13912,13901,0.5228502705953096,26608,8,0.9853364002300172,0.272,0.631,0.43106180665610144,scalar
250k,vacuumed,120,train,barrett jackson,2,1747,1745,0.06565694527961516,26608,8,0.8952489982827705,0.054,0.117,0.4615384615384615,scalar
250k,vacuumed,154,train,phone cases,2,3961,3949,0.14886500300661457,26608,8,0.7528401918707397,0.102,0.235,0.4340425531914894,scalar
250k,vacuumed,155,train,the incredibles,2,226851,226845,8.525668971737824,26608,8,0.9999691427412707,2.903,2.624,1.106326219512195,scalar
250k,vacuumed,45,train,hempstead new york,3,56925,54744,2.139394167167769,26608,8,0.7859639877031181,1.022,1.765,0.5790368271954675,scalar
250k,vacuumed,192,train,connecticut historical society,3,13508,13308,0.5076668671076368,26608,8,0.573437962688777,0.339,0.71,0.4774647887323944,scalar
250k,vacuumed,56,heldout,penny stocks,2,470,470,0.017663860493084788,26608,8,0.5297872340425532,0.028,0.044,0.6363636363636365,scalar
250k,vacuumed,160,train,game downloads,2,9120,9115,0.3427540589296452,26608,8,0.9853070175438596,0.213,0.522,0.40804597701149425,scalar
250k,vacuumed,38,train,new york population,3,68381,63692,2.5699413710162355,26608,8,0.6542899343384858,1.295,2.023,0.6401384083044982,scalar
250k,vacuumed,239,train,cartoon network,2,5147,5139,0.1934380637402285,26608,8,0.9090732465513892,0.126,0.296,0.4256756756756757,scalar
250k,vacuumed,173,heldout,printer ink,2,502,502,0.018866506313890558,26608,8,0.5039840637450199,0.029,0.048,0.6041666666666666,scalar
250k,vacuumed,118,train,elise neal,2,314,313,0.011800962116656644,26608,8,0.7738853503184714,0.026,0.035,0.7428571428571428,scalar
250k,vacuumed,197,train,ford parts,2,7173,7145,0.26958057726999396,26608,8,0.8421859751847205,0.166,0.395,0.42025316455696204,scalar
250k,vacuumed,274,train,water filters,2,9609,9605,0.3611319903788334,26608,8,0.986575085857009,0.199,0.465,0.42795698924731185,scalar
250k,vacuumed,204,heldout,debra jo rupp,3,750,750,0.028187011425135296,26608,8,0.9053333333333333,0.038,0.065,0.5846153846153845,scalar
250k,vacuumed,85,train,the globe newspaper,3,230676,227198,8.669422730006014,26608,8,0.9833879554006485,3.574,2.714,1.3168754605747972,scalar
250k,vacuumed,131,heldout,john wilkes booth,3,15939,15913,0.5990303668069753,26608,8,0.974088713219148,0.935,2.055,0.45498783454987834,scalar
250k,vacuumed,5,train,digital scanning,2,2231,2230,0.08384696331930247,26608,8,0.945316001792918,0.302,0.71,0.4253521126760563,scalar
250k,vacuumed,222,train,ambassador of italy,3,213334,208462,8.017663860493085,26608,8,0.9725032109274658,3.211,2.651,1.2112410411165597,scalar
250k,vacuumed,183,heldout,the actors studio,3,233621,227469,8.780103728202045,26608,8,0.9709914776496976,3.601,2.746,1.311361981063365,scalar
250k,vacuumed,146,train,pump it up,3,145873,131124,5.482298556825015,26608,8,0.7774571030965292,2.251,2.58,0.8724806201550387,scalar
250k,vacuumed,257,train,new york times best sellers list,6,97153,84519,3.651270294648226,26608,8,0.4605210338332321,2.082,2.745,0.7584699453551912,scalar
250k,vacuumed,212,train,premier wine,2,3356,3347,0.12612748045700542,26608,8,0.7431466030989273,0.078,0.185,0.42162162162162165,scalar
250k,vacuumed,23,train,san francisco,2,10146,10062,0.3813138905592303,26608,8,0.7117090479006505,0.184,0.406,0.4532019704433497,scalar
250k,vacuumed,78,heldout,georgian architecture,2,3272,3267,0.12297053517739026,26608,8,0.8386308068459658,0.074,0.171,0.4327485380116958,scalar
250k,vacuumed,92,train,jonathan daniel,2,2903,2895,0.1091025255562237,26608,8,0.6934205993799518,0.069,0.155,0.44516129032258067,scalar
250k,vacuumed,144,heldout,mercedes benz,2,340,340,0.012778111846061336,26608,8,0.7,0.021,0.03,0.7000000000000001,scalar
250k,vacuumed,191,heldout,chicago teachers union,3,14317,14095,0.5380712567648828,26608,8,0.6063421107773975,0.308,0.65,0.4738461538461538,scalar
250k,vacuumed,216,train,ventura college,2,15738,15730,0.591476247745039,26608,8,0.9925022239166349,0.256,0.637,0.40188383045525905,scalar
250k,vacuumed,233,train,abilene tx,2,188,188,0.007065544197233915,26608,8,0.7180851063829787,0.016,0.023,0.6956521739130435,scalar
250k,vacuumed,189,train,hawk mountain,2,4699,4692,0.1766010222489477,26608,8,0.9255160672483507,0.092,0.228,0.40350877192982454,scalar
250k,vacuumed,2,train,griffith observatory,2,620,620,0.023301262778111845,26608,8,0.55,0.027,0.046,0.5869565217391305,scalar
250k,vacuumed,9,train,scottsdale az,2,355,355,0.01334185207456404,26608,8,0.8647887323943662,0.02,0.03,0.6666666666666667,scalar
250k,vacuumed,215,train,jungle boy,2,2934,2931,0.11026758869512929,26608,8,0.8623040218132243,0.065,0.16,0.40625,scalar
250k,vacuumed,252,train,music videos,2,13220,13170,0.49684305472038487,26608,8,0.9215582450832073,0.253,0.586,0.43174061433447103,scalar
250k,vacuumed,243,train,low estrogen,2,6211,6209,0.23342603728202044,26608,8,0.9906617291901465,0.133,0.322,0.41304347826086957,scalar
250k,vacuumed,263,train,home business,2,25580,25007,0.9613650030066145,26608,8,0.6761141516810008,0.496,1.032,0.48062015503875966,scalar
250k,vacuumed,129,heldout,critical care medicine,3,8813,8712,0.33121617558628985,26608,8,0.38999205718824465,0.213,0.455,0.4681318681318681,scalar
250k,vacuumed,66,train,iq scores,2,824,823,0.03096812988574865,26608,8,0.933252427184466,0.027,0.053,0.5094339622641509,scalar
250k,vacuumed,63,train,danbury ct,2,214,214,0.008042693926638604,26608,8,0.8598130841121495,0.018,0.025,0.7199999999999999,scalar
250k,vacuumed,107,train,walk the line,3,239206,227984,8.990003006614552,26608,8,0.9483206942969657,3.643,2.893,1.259246456965088,scalar
250k,vacuumed,153,train,sky news,2,5812,5790,0.21843054720384847,26608,8,0.8019614590502409,0.123,0.298,0.412751677852349,scalar
250k,vacuumed,193,train,shih tzu,2,45,45,0.001691220685508118,26608,8,0.5777777777777777,0.012,0.013,0.9230769230769231,scalar
250k,vacuumed,225,train,law school rankings,3,31535,30692,1.1851698737221887,26608,8,0.7049627398129062,0.634,1.255,0.505179282868526,scalar
250k,vacuumed,202,heldout,immigration to mexico,3,167801,164451,6.306411605532171,26608,8,0.9693505998176412,2.474,2.335,1.0595289079229122,scalar
250k,vacuumed,96,heldout,tom welling,2,2632,2632,0.0989176187612748,26608,8,0.9946808510638298,0.056,0.135,0.4148148148148148,scalar
250k,vacuumed,169,train,time in denver,3,253378,221130,9.522624774503909,26608,8,0.8528127935337717,3.711,2.924,1.2691518467852256,scalar
250k,vacuumed,59,train,helen of troy,3,208539,207650,7.83745490078172,26608,8,0.9948642699926632,3.454,2.775,1.2446846846846848,scalar
250k,vacuumed,77,train,famous quotes,2,5952,5945,0.22369212266987373,26608,8,0.9512768817204301,0.135,0.322,0.4192546583850932,scalar
250k,vacuumed,86,train,decorative windows,2,2455,2451,0.09226548406494288,26608,8,0.7535641547861507,0.066,0.132,0.5,scalar
250k,vacuumed,290,train,canary bird,2,6850,6844,0.2574413710162357,26608,8,0.9642335766423358,0.125,0.194,0.6443298969072164,scalar
250k,vacuumed,54,heldout,oxford dictionary,2,2177,2174,0.08181749849669272,26608,8,0.8102893890675241,0.073,0.153,0.4771241830065359,scalar
250k,vacuumed,157,train,worcester state college,3,41166,39539,1.5471286831028261,26608,8,0.6125686245931108,0.884,1.528,0.5785340314136126,scalar
250k,vacuumed,95,train,time for kids,3,155527,137775,5.845121767889356,26608,8,0.7591929375606807,2.605,2.706,0.9626755358462675,scalar
250k,vacuumed,91,train,world bank president,3,44981,43034,1.6905066145520145,26608,8,0.6680820791000645,0.963,1.589,0.6060415355569541,scalar
250k,vacuumed,291,train,health literacy,2,5533,5521,0.20794497895369812,26608,8,0.8823423097776975,0.124,0.3,0.41333333333333333,scalar
250k,vacuumed,75,train,merry christmas,2,1624,1622,0.061034275405892964,26608,8,0.8811576354679803,0.057,0.125,0.456,scalar
250k,vacuumed,46,heldout,university of washington,3,237742,212522,8.934981960312689,26608,8,0.8726602787896123,3.345,2.826,1.183651804670913,scalar
250k,vacuumed,101,train,hotel del coronado,3,4662,4640,0.17521046301864102,26608,8,0.5261690261690262,0.121,0.253,0.47826086956521735,scalar
250k,vacuumed,241,train,interracial love,2,5559,5558,0.20892212868310284,26608,8,0.9904659111350962,0.107,0.27,0.39629629629629626,scalar
250k,vacuumed,276,train,the preakness,2,226891,226849,8.527172279013831,26608,8,0.9997928520743441,2.608,2.297,1.1353939921636917,scalar
250k,vacuumed,187,train,the oregonian newspaper,3,229944,227131,8.641912206855082,26608,8,0.9865184566677104,3.162,2.51,1.259760956175299,scalar
250k,vacuumed,132,train,sesame street,2,7098,7096,0.2667618761274805,26608,8,0.9892927585235277,0.127,0.333,0.3813813813813814,scalar
250k,vacuumed,186,heldout,bismarck state college,3,40981,39383,1.540175886951293,26608,8,0.6153339352382812,0.935,1.63,0.5736196319018405,scalar
250k,vacuumed,52,train,jesus as a child,4,335711,231814,12.616919723391462,26608,8,0.6424752242255988,4.813,3.3,1.4584848484848485,scalar
250k,vacuumed,22,train,stone mountain,2,7972,7909,0.29960914010823814,26608,8,0.5455343702960361,0.191,0.438,0.4360730593607306,scalar
250k,vacuumed,246,train,city in iran,3,241064,219457,9.059831629585087,26608,8,0.896376066106926,3.553,2.805,1.2666666666666666,scalar
250k,vacuumed,11,train,the english restoration,3,240301,228084,9.03115604329525,26608,8,0.9439994007515574,5.824,3.21,1.814330218068536,scalar
250k,vacuumed,87,train,ancient egypt,2,4792,4773,0.18009621166566447,26608,8,0.7180717863105175,0.127,0.271,0.46863468634686345,scalar
250k,vacuumed,93,heldout,clothing optional,2,1205,1203,0.045287131689717375,26608,8,0.7477178423236515,0.042,0.084,0.5,scalar
250k,vacuumed,214,train,avon school,2,22418,22401,0.8425285628382442,26608,8,0.9916584887144259,0.432,0.946,0.45665961945031713,scalar
250k,vacuumed,194,train,robert fuller,2,6477,6470,0.24342303066746843,26608,8,0.958005249343832,0.14,0.344,0.40697674418604657,scalar
250k,vacuumed,277,train,blue ridge parkway,3,6046,6018,0.22722489476849067,26608,8,0.760999007608336,0.16,0.344,0.4651162790697675,scalar
250k,vacuumed,109,train,portrait studio,2,6349,6328,0.23861244738424534,26608,8,0.8502126319105371,0.141,0.36,0.39166666666666666,scalar
250k,vacuumed,110,train,calvin klein,2,473,472,0.017776608538785328,26608,8,0.5221987315010571,0.029,0.042,0.6904761904761905,scalar
250k,vacuumed,270,heldout,human trafficking,2,5909,5904,0.22207606734816596,26608,8,0.9658148586901337,0.134,0.316,0.42405063291139244,scalar
250k,vacuumed,266,train,edith head,2,12052,12040,0.45294648226097417,26608,8,0.9784268171257883,0.238,0.582,0.40893470790378006,scalar
250k,vacuumed,282,heldout,chicago public schools,3,24095,23447,0.9055547203848466,26608,8,0.5909524797675867,0.56,1.095,0.5114155251141553,scalar
250k,vacuumed,128,train,seal pictures,2,2747,2741,0.10323962717979555,26608,8,0.7608299963596651,0.078,0.174,0.4482758620689655,scalar
250k,vacuumed,240,train,robert reed,2,6819,6804,0.25627630787733013,26608,8,0.9099574717700543,0.153,0.371,0.41239892183288407,scalar
250k,vacuumed,256,heldout,eastern mennonite university,3,32969,32137,1.2390634395670475,26608,8,0.7425460280869908,0.761,1.428,0.5329131652661064,scalar
250k,vacuumed,148,train,graduate management admission test,4,11128,10959,0.41822008418520745,26608,8,0.4231667864845435,0.33,0.652,0.5061349693251533,scalar
250k,vacuumed,113,train,adobe buildings,2,4620,4618,0.17363199037883342,26608,8,0.969047619047619,0.106,0.259,0.4092664092664092,scalar
250k,vacuumed,70,train,montgomery college,2,16213,16176,0.6093280216476248,26608,8,0.9634244125084809,0.311,0.759,0.40974967061923584,scalar
250k,vacuumed,51,train,intramuscular injections,2,54,55,0.0020294648226097415,26608,8,0.6851851851851852,0.021,0.021,1.0,scalar
250k,vacuumed,280,train,air mattress,2,8755,8754,0.3290363800360794,26608,8,0.9962307252998287,0.176,0.403,0.4367245657568238,scalar
250k,vacuumed,174,train,all funds,2,40428,40141,1.519392663860493,26608,8,0.954115959236173,0.808,1.566,0.5159642401021711,scalar
250k,vacuumed,16,train,milwaukee newspaper,2,3692,3684,0.13875526157546603,26608,8,0.8301733477789816,0.083,0.229,0.3624454148471616,scalar
250k,vacuumed,271,heldout,new england aquarium,3,54459,52703,2.046715273601924,26608,8,0.8215538294864027,0.997,1.664,0.5991586538461539,scalar
250k,vacuumed,7,heldout,borders books,2,6900,6870,0.2593205051112447,26608,8,0.8066666666666666,0.137,0.329,0.4164133738601824,scalar
250k,vacuumed,64,train,chicago bulls,2,4245,4239,0.15953848466626577,26608,8,0.9173144876325088,0.088,0.23,0.38260869565217387,scalar
250k,vacuumed,255,heldout,national security cutter,3,35515,35081,1.3347489476849068,26608,8,0.9052231451499366,0.667,1.233,0.5409570154095702,scalar
250k,vacuumed,248,heldout,becoming a widow,3,222217,216579,8.351510823812387,26608,8,0.9706098093305192,3.047,2.443,1.247237003683995,scalar
250k,vacuumed,116,train,mid continent airport,3,9062,8990,0.34057426337943475,26608,8,0.7109909512248952,0.203,0.433,0.4688221709006929,scalar
250k,vacuumed,80,train,columbia university,2,27204,26937,1.0223992784125076,26608,8,0.8999044258197324,0.449,0.981,0.4576962283384302,scalar
250k,vacuumed,76,train,flow meter,2,2156,2152,0.08102826217678893,26608,8,0.7082560296846011,0.054,0.117,0.4615384615384615,scalar
250k,vacuumed,279,train,canon powershot,2,638,638,0.023977751052315092,26608,8,0.9968652037617555,0.026,0.049,0.5306122448979591,scalar
250k,vacuumed,159,train,jefferson davis high school,4,46308,43986,1.740378833433554,26608,8,0.4800682387492442,0.94,1.52,0.6184210526315789,scalar
250k,vacuumed,122,train,john donne,2,15553,15551,0.5845234515935057,26608,8,0.9982640005143703,0.277,0.681,0.4067547723935389,scalar
250k,vacuumed,217,train,kansas city kings,3,26464,26199,0.994588093806374,26608,8,0.8968787787182587,0.513,0.996,0.5150602409638554,scalar
250k,vacuumed,55,heldout,state of louisiana,3,233822,211932,8.787657847263981,26608,8,0.8872903319619198,3.299,2.674,1.2337322363500374,scalar
250k,vacuumed,61,train,sore muscles,2,330,329,0.01240228502705953,26608,8,0.7818181818181819,0.02,0.029,0.689655172413793,scalar
250k,vacuumed,231,heldout,ugly people,2,18005,17989,0.6766761876127481,26608,8,0.9877256317689531,0.295,0.718,0.41086350974930363,scalar
250k,vacuumed,141,train,aishwarya rai,2,205,205,0.007704449789536981,26608,8,0.9024390243902439,0.016,0.022,0.7272727272727273,scalar
250k,vacuumed,288,train,power rangers ninja storm,4,9295,9231,0.34933102826217677,26608,8,0.7766541151156536,0.218,0.457,0.4770240700218818,scalar
250k,vacuumed,161,heldout,chicken noodle soup,3,590,590,0.022173782321106433,26608,8,0.6338983050847458,0.032,0.047,0.6808510638297872,scalar
250k,vacuumed,30,heldout,graffiti art,2,7664,7659,0.2880336740829826,26608,8,0.9780793319415448,0.139,0.375,0.3706666666666667,scalar
250k,vacuumed,181,heldout,care a lot,3,221303,216453,8.317160252555622,26608,8,0.9746185094643995,3.029,2.444,1.2393617021276595,scalar
250k,vacuumed,166,train,home loan,2,19001,18883,0.7141085387853278,26608,8,0.9102152518288511,0.338,0.841,0.4019024970273484,scalar
250k,vacuumed,27,train,texas state legislature,3,30692,30117,1.1534876728803367,26608,8,0.8216147530301056,0.683,1.296,0.5270061728395062,scalar
250k,vacuumed,199,train,roundabout theatre,2,3390,3389,0.12740529164161155,26608,8,0.968141592920354,0.091,0.22,0.41363636363636364,scalar
250k,vacuumed,123,train,evening wear,2,2778,2770,0.10440469031870114,26608,8,0.6349892008639308,0.077,0.167,0.4610778443113772,scalar
250k,vacuumed,151,train,bankruptcy laws,2,2271,2268,0.08535027059530968,26608,8,0.8251871422280933,0.065,0.151,0.43046357615894043,scalar
250k,vacuumed,177,train,edith wharton,2,365,365,0.013717678893565845,26608,8,0.7123287671232876,0.028,0.039,0.717948717948718,scalar
250k,vacuumed,130,train,hurricane wilma,2,517,516,0.019430246542393264,26608,8,0.9168278529980658,0.026,0.043,0.6046511627906977,scalar
250k,vacuumed,44,train,third trimester,2,15425,15424,0.5797128683102826,26608,8,0.9987682333873582,0.351,0.752,0.46675531914893614,scalar
250k,vacuumed,114,train,national book award,3,50361,47731,1.892701443174985,26608,8,0.6383709616568376,1.23,2.034,0.6047197640117995,scalar
250k,vacuumed,14,heldout,color combinations,2,2921,2918,0.10977901383042694,26608,8,0.9048271140020541,0.079,0.175,0.45142857142857146,scalar
250k,vacuumed,167,train,cherry blossom,2,559,558,0.021008719182200843,26608,8,0.7638640429338104,0.032,0.049,0.6530612244897959,scalar
250k,vacuumed,67,train,philadelphia phillies,2,2554,2552,0.09598616957306073,26608,8,0.8981989036805011,0.064,0.147,0.435374149659864,scalar
250k,vacuumed,17,train,robert green ingersoll,3,11946,11803,0.448962717979555,26608,8,0.5194207266030471,0.314,0.652,0.4815950920245399,scalar
250k,vacuumed,250,train,centerville high school,3,44122,42172,1.6582230907997595,26608,8,0.5038529531752867,0.969,1.632,0.59375,scalar
250k,vacuumed,50,heldout,kasota stone,2,3625,3626,0.13623722188815393,26608,8,0.999448275862069,0.095,0.238,0.39915966386554624,scalar
250k,vacuumed,295,train,united states constitution,3,50476,47813,1.8970234515935056,26608,8,0.5146208098898486,0.768,1.378,0.5573294629898404,scalar
250k,vacuumed,142,heldout,trendy clothes,2,646,646,0.024278412507516535,26608,8,0.9504643962848297,0.031,0.054,0.5740740740740741,scalar
250k,vacuumed,73,heldout,tallest trees in the world,5,476023,247270,17.890220986169574,26608,8,0.4765399991176897,5.465,4.046,1.3507167572911516,scalar
250k,vacuumed,143,train,weather underground,2,3215,3205,0.12082832230907997,26608,8,0.5020217729393468,0.083,0.193,0.4300518134715026,scalar
250k,vacuumed,171,heldout,wildlife photography,2,2106,2101,0.07914912808177992,26608,8,0.5484330484330484,0.064,0.136,0.47058823529411764,scalar
250k,vacuumed,34,train,region iv,2,12807,12736,0.48132140709561033,26608,8,0.8752244866088857,0.222,0.532,0.41729323308270677,scalar
250k,vacuumed,251,train,foam mattress,2,154,154,0.005787733012627781,26608,8,0.7857142857142857,0.017,0.022,0.7727272727272728,scalar
250k,vacuumed,104,train,kenosha wisconsin,2,1632,1632,0.06133493686109441,26608,8,0.9846813725490197,0.041,0.09,0.4555555555555556,scalar
250k,vacuumed,210,train,playa del rey,3,2780,2777,0.10447985568250151,26608,8,0.8823741007194245,0.067,0.147,0.45578231292517013,scalar
250k,vacuumed,176,train,john klein,2,15773,15758,0.5927916416115454,26608,8,0.9843403284093071,0.263,0.643,0.40902021772939345,scalar
250k,vacuumed,115,train,back surgery,2,17377,17312,0.6530742633794347,26608,8,0.9423375726535075,0.308,0.703,0.438122332859175,scalar
250k,vacuumed,28,train,spiritual warfare,2,1971,1967,0.07407546602525557,26608,8,0.6012176560121766,0.054,0.113,0.47787610619469023,scalar
250k,vacuumed,175,heldout,zion national park,3,40755,39642,1.531682200841852,26608,8,0.7888357256778309,0.773,1.385,0.5581227436823105,scalar
250k,vacuumed,53,train,montessori schools,2,5998,5998,0.22542092603728203,26608,8,0.9939979993331111,0.108,0.276,0.3913043478260869,scalar
250k,vacuumed,20,heldout,who dares wins,3,58683,58011,2.205464521948286,26608,8,0.9485370550244534,1.017,1.604,0.6340399002493765,scalar
250k,vacuumed,163,train,microsoft frontpage,2,525,525,0.019730907997594707,26608,8,0.9866666666666667,0.023,0.039,0.5897435897435898,scalar
250k,vacuumed,219,train,ron keel,2,976,976,0.03668069753457607,26608,8,0.8350409836065574,0.03,0.059,0.5084745762711864,scalar
250k,vacuumed,139,heldout,books on cd,3,124137,120444,4.665401383042694,26608,8,0.9365136905193455,1.877,2.195,0.8551252847380411,scalar
250k,vacuumed,145,train,analog computer,2,2814,2812,0.10575766686710764,26608,8,0.9047619047619048,0.062,0.147,0.4217687074829932,scalar
250k,vacuumed,247,train,corpus christi tx,3,553,553,0.02078322309079976,26608,8,0.5262206148282098,0.028,0.044,0.6363636363636365,scalar
250k,vacuumed,234,train,internet fraud,2,2285,2281,0.08587642814191221,26608,8,0.8196936542669584,0.056,0.125,0.448,scalar
250k,vacuumed,264,train,perfume bottles,2,297,297,0.011162056524353578,26608,8,0.7744107744107744,0.021,0.031,0.6774193548387097,scalar
250k,vacuumed,83,train,international baseball,2,19529,19323,0.733952194828623,26608,8,0.8394183009882739,0.359,0.799,0.44931163954943676,scalar
250k,vacuumed,272,train,the book of life,4,466498,246554,17.532245941070354,26608,8,0.48627003759930376,4.588,3.918,1.1710056151097499,scalar
250k,vacuumed,185,train,david koresh,2,6157,6157,0.2313965724594107,26608,8,0.9995127497157706,0.127,0.337,0.37685459940652816,scalar
250k,vacuumed,273,train,rolex watches,2,281,281,0.010560733613950692,26608,8,0.8683274021352313,0.021,0.031,0.6774193548387097,scalar
250k,vacuumed,90,train,good luck,2,7973,7959,0.2996467227901383,26608,8,0.9423052803210836,0.16,0.395,0.4050632911392405,scalar
250k,vacuumed,299,heldout,google satellite,2,1395,1394,0.05242784125075165,26608,8,0.7304659498207885,0.045,0.092,0.4891304347826087,scalar
250k,vacuumed,164,train,camp claiborne,2,2821,2821,0.1060207456404089,26608,8,0.9826302729528535,0.061,0.147,0.41496598639455784,scalar
250k,vacuumed,149,heldout,big boss man,3,15589,15342,0.5858764281419122,26608,8,0.6033741740971198,0.372,0.765,0.48627450980392156,scalar
250k,vacuumed,293,train,jamie murray,2,1210,1208,0.04547504509921828,26608,8,0.6834710743801653,0.057,0.105,0.5428571428571429,scalar
250k,vacuumed,206,train,tennis elbow,2,1464,1463,0.0550210463018641,26608,8,0.9050546448087432,0.042,0.086,0.4883720930232559,scalar
250k,vacuumed,190,train,kristanna loken,2,4,3,0.0001503307276007216,26608,8,0.75,0.011,0.012,0.9166666666666666,scalar
250k,vacuumed,287,heldout,central community college,3,40285,38178,1.5140183403487673,26608,8,0.38773737122998636,0.849,1.469,0.5779441797140912,scalar
250k,vacuumed,237,heldout,university of akron,3,232082,211653,8.722263980757667,26608,8,0.8939426581983954,3.244,2.638,1.229719484457923,scalar
250k,vacuumed,58,train,lord of the rings,4,437706,246114,16.450165363800362,26608,8,0.5182565466317574,4.904,4.135,1.1859733978234583,scalar
250k,vacuumed,226,train,hsbc bank,2,3959,3959,0.1487898376428142,26608,8,0.9926749179085628,0.095,0.235,0.4042553191489362,scalar
250k,vacuumed,198,heldout,automatic writing,2,5656,5639,0.21256764882742032,26608,8,0.8454738330975955,0.133,0.315,0.4222222222222222,scalar
250k,vacuumed,6,train,plus size clothing,3,7259,7202,0.2728126879134095,26608,8,0.6244661799145887,0.192,0.42,0.4571428571428572,scalar
250k,vacuumed,39,heldout,most improved player,3,46432,44467,1.7450390859891762,26608,8,0.6784329772570641,1.04,1.65,0.6303030303030304,scalar
250k,vacuumed,69,train,naomi wallace,2,659,659,0.02476698737221888,26608,8,0.7996965098634294,0.027,0.046,0.5869565217391305,scalar
250k,vacuumed,221,train,open source software,3,14847,14606,0.5579900781719783,26608,8,0.596753552906311,0.34,0.667,0.5097451274362819,scalar
250k,vacuumed,68,heldout,trans siberian orchestra,3,2102,2097,0.0789987973541792,26608,8,0.6745956232159848,0.065,0.143,0.4545454545454546,scalar
250k,vacuumed,152,train,antonio cromartie,2,1649,1649,0.061973842453397474,26608,8,0.9963614311704063,0.049,0.108,0.4537037037037037,scalar
250k,vacuumed,259,train,rob halford,2,698,698,0.026232711966325917,26608,8,0.9684813753581661,0.03,0.054,0.5555555555555556,scalar
250k,vacuumed,134,train,jaguar x type,3,9632,9545,0.3619963920625376,26608,8,0.6419227574750831,0.252,0.521,0.4836852207293666,scalar
250k,vacuumed,229,train,the progressive,2,228164,226966,8.57501503307276,26608,8,0.994214687680791,2.766,2.495,1.1086172344689378,scalar
250k,vacuumed,89,heldout,york photo,2,12918,12881,0.48549308478653036,26608,8,0.9403932497290602,0.247,0.58,0.42586206896551726,scalar
250k,vacuumed,31,train,texas death row,3,18859,18547,0.7087717979555022,26608,8,0.7161567421390318,0.394,0.804,0.4900497512437811,scalar
250k,vacuumed,47,train,japan airlines,2,7421,7408,0.27890108238123873,26608,8,0.9407087993531869,0.135,0.314,0.4299363057324841,scalar
250k,vacuumed,242,heldout,round table,2,9893,9820,0.3718054720384847,26608,8,0.752855554432427,0.217,0.478,0.45397489539748953,scalar
250k,vacuumed,283,train,george r brown convention center,5,33378,31711,1.2544347564642213,26608,8,0.27631973155971,0.88,1.439,0.6115357887421821,scalar
250k,vacuumed,41,heldout,mercury insurance,2,1482,1481,0.05569753457606735,26608,8,0.717948717948718,0.042,0.089,0.4719101123595506,scalar
250k,vacuumed,60,train,long legs,2,18643,18542,0.7006539386650631,26608,8,0.9219546210373867,0.308,0.724,0.425414364640884,scalar
250k,vacuumed,138,heldout,little brown jug,3,14510,14304,0.5453247143716176,26608,8,0.5868366643694004,0.31,0.628,0.49363057324840764,scalar
250k,vacuumed,201,train,the garden of eden,4,436641,246097,16.41013980757667,26608,8,0.5195206130436675,4.286,3.493,1.2270254795304896,scalar
250k,vacuumed,296,heldout,niceville high school,3,44095,42150,1.6572083583884547,26608,8,0.5041614695543712,0.811,1.376,0.589389534883721,scalar
250k,vacuumed,117,train,developmental delays,2,654,654,0.024579073962717978,26608,8,0.5030581039755352,0.029,0.049,0.5918367346938775,scalar
250k,vacuumed,33,train,interest only,2,41502,40749,1.5597564642212869,26608,8,0.8751385475398776,0.675,1.322,0.510590015128593,scalar
250k,vacuumed,1,train,the,1,226844,226844,8.525405892964521,26608,8,1.0,1.587,1.951,0.8134290107637109,scalar
250k,vacuumed,3,train,bowel obstruction,2,160,160,0.006013229104028864,26608,8,0.675,0.017,0.022,0.7727272727272728,scalar
250k,vacuumed,300,train,laborers international union of north america,6,263474,216268,9.90205953096813,26608,8,0.7874325360377115,4.526,3.521,1.2854302754899176,scalar
250k,vacuumed,82,train,american south,2,55028,52015,2.068099819603127,26608,8,0.5350367085847205,1.13,1.758,0.6427758816837315,scalar
250k,vacuumed,48,heldout,freedom tower,2,4661,4639,0.17517288033674083,26608,8,0.5522420081527569,0.143,0.279,0.5125448028673835,scalar
250k,vacuumed,10,train,wisconsin attorney general,3,18051,17848,0.6784049909801564,26608,8,0.8189573984820786,0.469,0.907,0.5170893054024255,scalar
250k,vacuumed,35,heldout,army reserve,2,11678,11570,0.4388905592303067,26608,8,0.7288063024490495,0.262,0.588,0.44557823129251706,scalar
250k,vacuumed,106,train,cheap hotels,2,913,913,0.0343129885748647,26608,8,0.6276013143483024,0.038,0.073,0.5205479452054794,scalar
250k,vacuumed,49,train,virginia usa,2,7431,7376,0.2792769092002405,26608,8,0.5399004171713094,0.2,0.417,0.4796163069544365,scalar
250k,vacuumed,172,train,david kim,2,6904,6885,0.25947083583884545,26608,8,0.8913673232908459,0.171,0.402,0.4253731343283582,scalar
250k,vacuumed,74,heldout,reading museum,2,6879,6839,0.258531268791341,26608,8,0.691234191016136,0.472,1.175,0.4017021276595744,scalar
250k,vacuumed,121,heldout,bmw engines,2,1270,1269,0.047730006013229104,26608,8,0.8700787401574803,0.112,0.228,0.49122807017543857,scalar
250k,vacuumed,158,train,little cars,2,10057,10005,0.37796903187011427,26608,8,0.8466739584369096,0.228,0.523,0.4359464627151052,scalar
250k,vacuumed,12,train,freelance work,2,20104,20074,0.7555622369212267,26608,8,0.98075009948269,0.383,0.911,0.42041712403951703,scalar
250k,vacuumed,162,train,music stands,2,14587,14470,0.5482185808779314,26608,8,0.8351957222184136,0.317,0.722,0.4390581717451524,scalar
250k,vacuumed,125,heldout,critical care nurse,3,7091,7036,0.2664987973541792,26608,8,0.4846989141164857,0.193,0.411,0.4695863746958638,scalar
250k,vacuumed,207,heldout,kidney transplant,2,378,377,0.01420625375826819,26608,8,0.6931216931216931,0.029,0.037,0.7837837837837839,scalar
250k,vacuumed,265,heldout,old photos,2,14740,14707,0.5539687312086591,26608,8,0.9603799185888738,0.298,0.7,0.4257142857142857,scalar
250k,vacuumed,188,train,justin timberlake,2,501,500,0.018828923631990378,26608,8,0.9441117764471058,0.028,0.044,0.6363636363636365,scalar
250k,vacuumed,236,train,new jersey police,3,51320,50111,1.928743235117258,26608,8,0.8718043647700702,1.038,1.739,0.5968947671075331,scalar
250k,vacuumed,228,train,mushroom kingdom,2,5943,5940,0.2233538785327721,26608,8,0.9757698132256436,0.13,0.315,0.41269841269841273,scalar
250k,vacuumed,21,train,west palm beach florida,4,24446,23942,0.91874624173181,26608,8,0.740284709154872,0.6,1.135,0.5286343612334802,scalar
250k,vacuumed,100,train,fatherless children,2,11039,11038,0.4148752254960914,26608,8,0.9990941208442794,0.227,0.564,0.40248226950354615,scalar
250k,vacuumed,99,heldout,st petersburg high school,4,61211,56337,2.300473541791942,26608,8,0.3631863553936384,1.415,2.119,0.6677678150070787,scalar
250k,vacuumed,298,train,true religion,2,4965,4942,0.18659801563439568,26608,8,0.6445115810674723,0.128,0.285,0.4491228070175439,scalar
250k,vacuumed,196,train,bass fishing,2,2853,2845,0.10722339146121468,26608,8,0.5292674377847879,0.08,0.176,0.4545454545454546,scalar
250k,vacuumed,203,heldout,the daily breeze,3,230265,227161,8.653976247745039,26608,8,0.9851432045686491,3.435,2.615,1.3135755258126194,scalar
250k,vacuumed,292,train,david thornton,2,6337,6332,0.23816145520144316,26608,8,0.971121982010415,0.142,0.348,0.40804597701149425,scalar
250k,vacuumed,71,heldout,belcourt castle,2,2360,2360,0.08869512928442573,26608,8,0.9983050847457627,0.058,0.142,0.4084507042253522,scalar
250k,vacuumed,32,train,catholic answers,2,4668,4662,0.1754359591100421,26608,8,0.9179520137103685,0.108,0.254,0.42519685039370075,scalar
250k,vacuumed,88,train,american academy of child and adolescent psychiatry,7,431561,240515,16.21921978352375,26608,8,0.48073852827294405,6.303,4.559,1.3825400307084887,scalar
250k,vacuumed,94,train,xena warrior princess,3,1564,1563,0.05877931449188214,26608,8,0.6886189258312021,0.053,0.107,0.4953271028037383,scalar
250k,vacuumed,105,train,false prophets,2,1104,1104,0.04149128081779916,26608,8,0.9112318840579711,0.04,0.082,0.4878048780487805,scalar
250k,vacuumed,253,train,farmers almanac,2,1161,1161,0.04363349368610944,26608,8,0.9577950043066322,0.038,0.079,0.4810126582278481,scalar
250k,vacuumed,284,heldout,warren county,2,17929,17875,0.6738199037883343,26608,8,0.9555468793574655,0.345,0.75,0.45999999999999996,scalar
250k,vacuumed,294,train,boulder city nevada,3,24703,24611,0.9284049909801564,26608,8,0.960814475974578,0.539,1.09,0.4944954128440367,scalar
250k,vacuumed,137,train,dexter michigan,2,2338,2335,0.08786831028262176,26608,8,0.8699743370402053,0.062,0.135,0.4592592592592592,scalar
250k,vacuumed,29,train,georgia public broadcasting,3,18520,18259,0.6960312687913409,26608,8,0.7688444924406047,0.436,0.903,0.4828349944629014,scalar
250k,vacuumed,223,heldout,los angeles daily news,4,16022,15644,0.6021497294046904,26608,8,0.2909124953189365,0.368,0.682,0.5395894428152492,scalar
250k,vacuumed,18,train,omaha symphony,2,959,959,0.036041791942273,26608,8,0.6798748696558915,0.046,0.076,0.6052631578947368,scalar
250k,vacuumed,65,train,child support,2,13202,13049,0.4961665664461816,26608,8,0.676791395243145,0.293,0.642,0.4563862928348909,scalar
250k,vacuumed,261,train,medal of honor,3,215939,208898,8.115566746843054,26608,8,0.9607713289401173,3.156,2.691,1.1727982162764772,scalar
250k,vacuumed,275,train,general motors,2,15178,15154,0.5704299458809381,26608,8,0.9739754908420082,0.304,0.726,0.418732782369146,scalar
250k,vacuumed,238,train,the news journal,3,234400,227539,8.809380637402285,26608,8,0.9677645051194539,3.636,2.777,1.3093266114512063,scalar
250k,vacuumed,289,heldout,movie theatres,2,3784,3778,0.14221286831028263,26608,8,0.8911205073995772,0.099,0.228,0.4342105263157895,scalar
250k,vacuumed,218,heldout,new haven,2,45401,45283,1.7062913409500902,26608,8,0.9854628752670646,0.817,1.59,0.5138364779874214,scalar
250k,vacuumed,286,train,david lee roth,3,8741,8676,0.32851022248947687,26608,8,0.7040384395378103,0.722,1.415,0.5102473498233215,scalar
250k,vacuumed,258,heldout,usb hub,2,600,600,0.02254960914010824,26608,8,0.8316666666666667,0.081,0.137,0.5912408759124087,scalar
250k,vacuumed,281,train,pocket pc,2,1125,1124,0.04228051713770295,26608,8,0.5306666666666666,0.11,0.213,0.5164319248826291,scalar
250k,vacuumed,15,heldout,italian translation,2,6830,6800,0.2566897173782321,26608,8,0.8038067349926794,0.175,0.935,0.1871657754010695,scalar
250k,vacuumed,102,heldout,law dictionary,2,9233,9218,0.3470009019843656,26608,8,0.9552691432903715,0.199,0.476,0.4180672268907563,scalar
250k,vacuumed,208,heldout,us coast guard,3,16642,16307,0.6254509921828022,26608,8,0.4815526979930297,0.428,0.848,0.5047169811320755,scalar
250k,vacuumed,36,train,chicken coop,2,440,441,0.016536380036079375,26608,8,0.85,0.024,0.039,0.6153846153846154,scalar
250k,vacuumed,147,heldout,food carts,2,4086,4085,0.1535628382441371,26608,8,0.9804209495839452,0.095,0.231,0.41125541125541126,scalar
250k,vacuumed,184,heldout,personal chef,2,8491,8482,0.31911455201443173,26608,8,0.9673772229419385,0.184,0.45,0.40888888888888886,scalar
250k,vacuumed,37,train,people having sex,3,31299,30266,1.1763003607937463,26608,8,0.5681970669989457,0.756,1.409,0.5365507452093683,scalar
250k,vacuumed,168,train,miami dade college,3,16886,16807,0.6346211665664462,26608,8,0.9250266492952742,0.372,0.809,0.45982694684796044,scalar
250k,vacuumed,170,train,naked news,2,5202,5192,0.19550511124473843,26608,8,0.89600153787005,0.129,0.302,0.4271523178807947,scalar
250k,vacuumed,97,heldout,elliott smith,2,3364,3360,0.12642814191220686,26608,8,0.888525564803805,0.089,0.202,0.44059405940594054,scalar
250k,vacuumed,179,heldout,milan tennessee,2,2584,2578,0.09711365003006614,26608,8,0.6211300309597523,0.075,0.163,0.460122699386503,scalar
250k,vacuumed,195,heldout,zip code,2,2503,2500,0.09406945279615153,26608,8,0.9029165001997603,0.061,0.144,0.42361111111111116,scalar
250k,vacuumed,81,train,fluid power,2,7683,7670,0.288747745039086,26608,8,0.939606924378498,0.182,0.437,0.41647597254004576,scalar
250k,vacuumed,24,train,ford modeling agency,3,4185,4166,0.15728352375225496,26608,8,0.6317801672640382,0.153,0.318,0.4811320754716981,scalar
250k,vacuumed,40,train,ear ache,2,569,569,0.021384546001202646,26608,8,0.9578207381370826,0.026,0.045,0.5777777777777777,scalar
250k,vacuumed,98,train,heart disease,2,6007,5974,0.22575917017438366,26608,8,0.6462460462793408,0.144,0.332,0.4337349397590361,scalar
250k,vacuumed,19,heldout,body painting,2,9028,8974,0.3392964521948286,26608,8,0.7864421798848028,0.212,0.472,0.4491525423728814,scalar
250k,vacuumed,124,train,toxic encephalopathy,2,404,403,0.015183403487672881,26608,8,0.9405940594059405,0.029,0.044,0.6590909090909092,scalar
250k,vacuumed-repeat,244,train,akron beacon,2,326,325,0.012251954299458809,26608,8,0.5920245398773006,0.025,0.035,0.7142857142857143,scalar
250k,vacuumed-repeat,297,train,sleep study,2,6599,6584,0.24800811785929044,26608,8,0.9063494468858918,0.146,0.34,0.42941176470588227,scalar
250k,vacuumed-repeat,224,heldout,napa auto parts,3,6693,6676,0.2515408899579074,26608,8,0.9025847900791872,0.166,0.391,0.4245524296675192,scalar
250k,vacuumed-repeat,140,heldout,carolyn jones,2,2075,2074,0.07798406494287433,26608,8,0.9363855421686746,0.057,0.131,0.4351145038167939,scalar
250k,vacuumed-repeat,136,heldout,sarah fisher,2,1484,1483,0.055772699939867706,26608,8,0.6866576819407008,0.05,0.1,0.5,scalar
250k,vacuumed-repeat,103,train,anderson hospital,2,5100,5082,0.19167167769092003,26608,8,0.79,0.124,0.279,0.4444444444444444,scalar
250k,vacuumed-repeat,220,train,business consultants,2,8418,8414,0.31637101623571856,26608,8,0.9842005226894749,0.182,0.452,0.40265486725663713,scalar
250k,vacuumed-repeat,126,heldout,the breakfast club,3,240240,228083,9.028863499699339,26608,8,0.9442390942390942,3.915,3.146,1.2444373808010172,scalar
250k,vacuumed-repeat,156,heldout,padre island,2,8225,8223,0.30911755862898377,26608,8,0.990516717325228,0.188,0.481,0.3908523908523909,scalar
250k,vacuumed-repeat,269,train,the british embassy,3,239381,228003,8.996579975947084,26608,8,0.9476274223935901,3.697,2.741,1.3487778183144838,scalar
250k,vacuumed-repeat,235,train,tv party,2,15070,14864,0.5663710162357186,26608,8,0.6541473125414732,0.345,0.742,0.4649595687331536,scalar
250k,vacuumed-repeat,42,heldout,battle of the bulge,4,440161,246153,16.542430847865305,26608,8,0.5153659683615768,4.612,3.743,1.2321667111942294,scalar
250k,vacuumed-repeat,200,heldout,table lamps,2,2641,2639,0.09925586289837643,26608,8,0.9257856872396819,0.075,0.157,0.47770700636942676,scalar
250k,vacuumed-repeat,205,train,term life insurance,3,30488,29771,1.1458208057727,26608,8,0.7527551823668328,0.665,1.268,0.524447949526814,scalar
250k,vacuumed-repeat,150,train,gun magazines,2,3273,3263,0.12300811785929044,26608,8,0.6388634280476627,0.098,0.215,0.4558139534883721,scalar
250k,vacuumed-repeat,213,heldout,too faced,2,7503,7456,0.2819828622970535,26608,8,0.7109156337465014,0.192,0.422,0.4549763033175356,scalar
250k,vacuumed-repeat,209,train,car stereo,2,3619,3616,0.13601172579675286,26608,8,0.9436308372478586,0.087,0.206,0.4223300970873786,scalar
250k,vacuumed-repeat,211,train,domain names,2,5262,5243,0.19776007215874924,26608,8,0.7886735081717978,0.126,0.3,0.42000000000000004,scalar
250k,vacuumed-repeat,133,train,ellen degeneres show,3,9880,9862,0.3713168971737823,26608,8,0.9526315789473684,0.244,0.541,0.45101663585951934,scalar
250k,vacuumed-repeat,182,train,costume designers,2,856,856,0.03217077570655442,26608,8,0.5245327102803738,0.035,0.064,0.546875,scalar
250k,vacuumed-repeat,245,heldout,john wellington,2,16159,16120,0.607298556825015,26608,8,0.9608267838356334,0.316,0.76,0.41578947368421054,scalar
250k,vacuumed-repeat,227,train,cognitive impairment,2,414,414,0.015559230306674684,26608,8,0.678743961352657,0.031,0.043,0.7209302325581396,scalar
250k,vacuumed-repeat,230,heldout,mood swings,2,463,463,0.017400781719783525,26608,8,0.712742980561555,0.029,0.045,0.6444444444444445,scalar
250k,vacuumed-repeat,43,train,secretary of state,3,236996,212418,8.906945279615153,26608,8,0.8754071798680146,6.294,7.498,0.839423846359029,scalar
250k,vacuumed-repeat,4,train,vicenza italy,2,4739,4738,0.1781043295249549,26608,8,0.9873391010761764,0.106,0.272,0.3897058823529411,scalar
250k,vacuumed-repeat,25,train,glass works,2,11668,11603,0.4385147324113049,26608,8,0.8600445663352759,0.247,0.603,0.4096185737976783,scalar
250k,vacuumed-repeat,119,train,canadian real estate,3,13394,13165,0.5033824413710163,26608,8,0.41018366432731074,0.355,0.719,0.4937413073713491,scalar
250k,vacuumed-repeat,111,train,kitchen accessories,2,962,961,0.03615453998797354,26608,8,0.7650727650727651,0.047,0.078,0.6025641025641025,scalar
250k,vacuumed-repeat,79,train,prayer times,2,13205,13169,0.4962793144918821,26608,8,0.9455509276789095,0.266,0.666,0.3993993993993994,scalar
250k,vacuumed-repeat,84,train,ace frehley,2,388,387,0.014582080577269995,26608,8,0.9768041237113402,0.032,0.047,0.6808510638297872,scalar
250k,vacuumed-repeat,254,train,civil war battlefields,3,24550,24100,0.9226548406494287,26608,8,0.7525458248472505,0.554,1.058,0.5236294896030246,scalar
250k,vacuumed-repeat,108,train,missy elliott,2,406,406,0.015258568851473241,26608,8,0.9236453201970444,0.025,0.039,0.6410256410256411,scalar
250k,vacuumed-repeat,72,train,binghamton new york,3,56960,54771,2.1407095610342752,26608,8,0.7854810393258427,1.042,1.83,0.5693989071038251,scalar
250k,vacuumed-repeat,135,train,the movement,2,231711,227295,8.7083208057727,26608,8,0.9789953864943831,2.888,2.567,1.1250486949746785,scalar
250k,vacuumed-repeat,180,heldout,western herald,2,12913,12886,0.48530517137702944,26608,8,0.9570974986447766,0.266,0.615,0.43252032520325207,scalar
250k,vacuumed-repeat,57,train,cured of cancer,3,209338,207786,7.867483463619964,26608,8,0.9910670781224622,3.213,2.675,1.201121495327103,scalar
250k,vacuumed-repeat,232,heldout,little shop of horrors,4,217678,209195,8.180923030667469,26608,8,0.9530958571835464,3.552,2.729,1.3015756687431292,scalar
250k,vacuumed-repeat,260,train,new york towns,3,59212,56530,2.2253457606734814,26608,8,0.7556069715598189,1.021,1.843,0.5539880629408572,scalar
250k,vacuumed-repeat,178,heldout,times union,2,21167,20734,0.7955126277811184,26608,8,0.589880474323239,0.478,0.97,0.49278350515463915,scalar
250k,vacuumed-repeat,285,train,animal rights,2,6180,6146,0.23226097414311486,26608,8,0.6796116504854369,0.154,0.349,0.44126074498567336,scalar
250k,vacuumed-repeat,249,train,king kalakaua,2,7117,7117,0.2674759470835839,26608,8,0.9997189827174371,0.146,0.381,0.3832020997375328,scalar
250k,vacuumed-repeat,268,train,bladder tumor,2,279,279,0.01048556825015033,26608,8,0.6702508960573477,0.023,0.03,0.7666666666666667,scalar
250k,vacuumed-repeat,127,train,lost episode,2,11222,11134,0.4217528562838244,26608,8,0.7746391017643913,0.231,0.554,0.41696750902527074,scalar
250k,vacuumed-repeat,262,train,hot springs south dakota,4,30537,30005,1.147662357185809,26608,8,0.8378688148803092,0.761,1.375,0.5534545454545454,scalar
250k,vacuumed-repeat,302,train,a search engine is an information retrieval software system designed to help find information stored on one or more computer systems,20,984331,249633,36.99379885748647,26608,8,0.21911938159013583,17.517,9.84,1.7801829268292682,scalar
250k,vacuumed-repeat,112,train,consumer affairs,2,3781,3773,0.14210012026458207,26608,8,0.8116900290928326,0.093,0.221,0.42081447963800905,scalar
250k,vacuumed-repeat,8,train,american funds,2,31297,31078,1.1762251954299459,26608,8,0.940729143368374,0.597,1.217,0.49055053410024646,scalar
250k,vacuumed-repeat,62,heldout,connecticut post,2,11102,11055,0.41724293445580274,26608,8,0.893622770671951,0.235,0.555,0.4234234234234234,scalar
250k,vacuumed-repeat,26,heldout,personal loan,2,9920,9864,0.3728202044497895,26608,8,0.8280241935483871,0.221,0.509,0.4341846758349705,scalar
250k,vacuumed-repeat,278,train,elizabeth vargas,2,2362,2360,0.0887702946482261,26608,8,0.9356477561388654,0.068,0.149,0.45637583892617456,scalar
250k,vacuumed-repeat,165,train,william wallace,2,8790,8773,0.3303517739025857,26608,8,0.9400455062571104,0.187,0.459,0.4074074074074074,scalar
250k,vacuumed-repeat,13,train,french culinary institute,3,17080,16806,0.6419122068550812,26608,8,0.6375292740046838,0.436,0.842,0.5178147268408552,scalar
250k,vacuumed-repeat,301,train,to be or not to be,4,312687,205366,11.751616055321708,26608,8,0.5201943157214722,4.652,3.993,1.16503881793138,scalar
250k,vacuumed-repeat,267,heldout,danube river,2,13912,13901,0.5228502705953096,26608,8,0.9853364002300172,0.276,0.648,0.42592592592592593,scalar
250k,vacuumed-repeat,120,train,barrett jackson,2,1747,1745,0.06565694527961516,26608,8,0.8952489982827705,0.055,0.115,0.47826086956521735,scalar
250k,vacuumed-repeat,154,train,phone cases,2,3961,3949,0.14886500300661457,26608,8,0.7528401918707397,0.104,0.237,0.4388185654008439,scalar
250k,vacuumed-repeat,155,train,the incredibles,2,226851,226845,8.525668971737824,26608,8,0.9999691427412707,2.83,2.423,1.1679735864630623,scalar
250k,vacuumed-repeat,45,train,hempstead new york,3,56925,54744,2.139394167167769,26608,8,0.7859639877031181,1.017,1.784,0.5700672645739909,scalar
250k,vacuumed-repeat,192,train,connecticut historical society,3,13508,13308,0.5076668671076368,26608,8,0.573437962688777,0.324,0.669,0.484304932735426,scalar
250k,vacuumed-repeat,56,heldout,penny stocks,2,470,470,0.017663860493084788,26608,8,0.5297872340425532,0.028,0.044,0.6363636363636365,scalar
250k,vacuumed-repeat,160,train,game downloads,2,9120,9115,0.3427540589296452,26608,8,0.9853070175438596,0.23,0.576,0.3993055555555556,scalar
250k,vacuumed-repeat,38,train,new york population,3,68381,63692,2.5699413710162355,26608,8,0.6542899343384858,1.286,1.917,0.6708398539384455,scalar
250k,vacuumed-repeat,239,train,cartoon network,2,5147,5139,0.1934380637402285,26608,8,0.9090732465513892,0.111,0.291,0.3814432989690722,scalar
250k,vacuumed-repeat,173,heldout,printer ink,2,502,502,0.018866506313890558,26608,8,0.5039840637450199,0.025,0.043,0.5813953488372093,scalar
250k,vacuumed-repeat,118,train,elise neal,2,314,313,0.011800962116656644,26608,8,0.7738853503184714,0.021,0.031,0.6774193548387097,scalar
250k,vacuumed-repeat,197,train,ford parts,2,7173,7145,0.26958057726999396,26608,8,0.8421859751847205,0.152,0.373,0.4075067024128686,scalar
250k,vacuumed-repeat,274,train,water filters,2,9609,9605,0.3611319903788334,26608,8,0.986575085857009,0.181,0.427,0.423887587822014,scalar
250k,vacuumed-repeat,204,heldout,debra jo rupp,3,750,750,0.028187011425135296,26608,8,0.9053333333333333,0.036,0.063,0.5714285714285714,scalar
250k,vacuumed-repeat,85,train,the globe newspaper,3,230676,227198,8.669422730006014,26608,8,0.9833879554006485,3.291,2.494,1.3195669607056935,scalar
250k,vacuumed-repeat,131,heldout,john wilkes booth,3,15939,15913,0.5990303668069753,26608,8,0.974088713219148,0.311,0.685,0.454014598540146,scalar
250k,vacuumed-repeat,5,train,digital scanning,2,2231,2230,0.08384696331930247,26608,8,0.945316001792918,0.054,0.123,0.43902439024390244,scalar
250k,vacuumed-repeat,222,train,ambassador of italy,3,213334,208462,8.017663860493085,26608,8,0.9725032109274658,2.989,2.441,1.2244981564932405,scalar
250k,vacuumed-repeat,183,heldout,the actors studio,3,233621,227469,8.780103728202045,26608,8,0.9709914776496976,3.451,2.678,1.2886482449589247,scalar
250k,vacuumed-repeat,146,train,pump it up,3,145873,131124,5.482298556825015,26608,8,0.7774571030965292,2.369,2.816,0.8412642045454547,scalar
250k,vacuumed-repeat,257,train,new york times best sellers list,6,97153,84519,3.651270294648226,26608,8,0.4605210338332321,2.561,3.116,0.8218870346598203,scalar
250k,vacuumed-repeat,212,train,premier wine,2,3356,3347,0.12612748045700542,26608,8,0.7431466030989273,0.078,0.175,0.44571428571428573,scalar
250k,vacuumed-repeat,23,train,san francisco,2,10146,10062,0.3813138905592303,26608,8,0.7117090479006505,0.196,0.414,0.4734299516908213,scalar
250k,vacuumed-repeat,78,heldout,georgian architecture,2,3272,3267,0.12297053517739026,26608,8,0.8386308068459658,0.089,0.205,0.43414634146341463,scalar
250k,vacuumed-repeat,92,train,jonathan daniel,2,2903,2895,0.1091025255562237,26608,8,0.6934205993799518,0.081,0.174,0.4655172413793104,scalar
250k,vacuumed-repeat,144,heldout,mercedes benz,2,340,340,0.012778111846061336,26608,8,0.7,0.023,0.032,0.71875,scalar
250k,vacuumed-repeat,191,heldout,chicago teachers union,3,14317,14095,0.5380712567648828,26608,8,0.6063421107773975,0.397,0.781,0.5083226632522407,scalar
250k,vacuumed-repeat,216,train,ventura college,2,15738,15730,0.591476247745039,26608,8,0.9925022239166349,0.315,0.708,0.44491525423728817,scalar
250k,vacuumed-repeat,233,train,abilene tx,2,188,188,0.007065544197233915,26608,8,0.7180851063829787,0.022,0.028,0.7857142857142857,scalar
250k,vacuumed-repeat,189,train,hawk mountain,2,4699,4692,0.1766010222489477,26608,8,0.9255160672483507,0.167,0.6,0.2783333333333334,scalar
250k,vacuumed-repeat,2,train,griffith observatory,2,620,620,0.023301262778111845,26608,8,0.55,0.083,0.142,0.5845070422535212,scalar
250k,vacuumed-repeat,9,train,scottsdale az,2,355,355,0.01334185207456404,26608,8,0.8647887323943662,0.064,0.098,0.6530612244897959,scalar
250k,vacuumed-repeat,215,train,jungle boy,2,2934,2931,0.11026758869512929,26608,8,0.8623040218132243,0.198,0.479,0.4133611691022965,scalar
250k,vacuumed-repeat,252,train,music videos,2,13220,13170,0.49684305472038487,26608,8,0.9215582450832073,0.276,0.646,0.4272445820433437,scalar
250k,vacuumed-repeat,243,train,low estrogen,2,6211,6209,0.23342603728202044,26608,8,0.9906617291901465,0.157,0.389,0.40359897172236503,scalar
250k,vacuumed-repeat,263,train,home business,2,25580,25007,0.9613650030066145,26608,8,0.6761141516810008,0.527,1.035,0.5091787439613528,scalar
250k,vacuumed-repeat,129,heldout,critical care medicine,3,8813,8712,0.33121617558628985,26608,8,0.38999205718824465,0.24,0.494,0.48582995951417,scalar
250k,vacuumed-repeat,66,train,iq scores,2,824,823,0.03096812988574865,26608,8,0.933252427184466,0.03,0.055,0.5454545454545454,scalar
250k,vacuumed-repeat,63,train,danbury ct,2,214,214,0.008042693926638604,26608,8,0.8598130841121495,0.021,0.027,0.7777777777777778,scalar
250k,vacuumed-repeat,107,train,walk the line,3,239206,227984,8.990003006614552,26608,8,0.9483206942969657,3.369,2.709,1.2436323366555926,scalar
250k,vacuumed-repeat,153,train,sky news,2,5812,5790,0.21843054720384847,26608,8,0.8019614590502409,0.134,0.319,0.4200626959247649,scalar
250k,vacuumed-repeat,193,train,shih tzu,2,45,45,0.001691220685508118,26608,8,0.5777777777777777,0.014,0.014,1.0,scalar
250k,vacuumed-repeat,225,train,law school rankings,3,31535,30692,1.1851698737221887,26608,8,0.7049627398129062,0.643,1.246,0.5160513643659711,scalar
250k,vacuumed-repeat,202,heldout,immigration to mexico,3,167801,164451,6.306411605532171,26608,8,0.9693505998176412,2.434,2.39,1.0184100418410043,scalar
250k,vacuumed-repeat,96,heldout,tom welling,2,2632,2632,0.0989176187612748,26608,8,0.9946808510638298,0.058,0.136,0.4264705882352941,scalar
250k,vacuumed-repeat,169,train,time in denver,3,253378,221130,9.522624774503909,26608,8,0.8528127935337717,3.47,2.722,1.274797942689199,scalar
250k,vacuumed-repeat,59,train,helen of troy,3,208539,207650,7.83745490078172,26608,8,0.9948642699926632,2.865,2.369,1.2093710426340227,scalar
250k,vacuumed-repeat,77,train,famous quotes,2,5952,5945,0.22369212266987373,26608,8,0.9512768817204301,0.113,0.282,0.40070921985815605,scalar
250k,vacuumed-repeat,86,train,decorative windows,2,2455,2451,0.09226548406494288,26608,8,0.7535641547861507,0.059,0.129,0.4573643410852713,scalar
250k,vacuumed-repeat,290,train,canary bird,2,6850,6844,0.2574413710162357,26608,8,0.9642335766423358,0.107,0.175,0.6114285714285714,scalar
250k,vacuumed-repeat,54,heldout,oxford dictionary,2,2177,2174,0.08181749849669272,26608,8,0.8102893890675241,0.057,0.133,0.42857142857142855,scalar
250k,vacuumed-repeat,157,train,worcester state college,3,41166,39539,1.5471286831028261,26608,8,0.6125686245931108,0.817,1.409,0.5798438608942512,scalar
250k,vacuumed-repeat,95,train,time for kids,3,155527,137775,5.845121767889356,26608,8,0.7591929375606807,2.291,2.414,0.9490472245236121,scalar
250k,vacuumed-repeat,91,train,world bank president,3,44981,43034,1.6905066145520145,26608,8,0.6680820791000645,0.883,1.485,0.5946127946127946,scalar
250k,vacuumed-repeat,291,train,health literacy,2,5533,5521,0.20794497895369812,26608,8,0.8823423097776975,0.113,0.27,0.4185185185185185,scalar
250k,vacuumed-repeat,75,train,merry christmas,2,1624,1622,0.061034275405892964,26608,8,0.8811576354679803,0.042,0.092,0.4565217391304348,scalar
250k,vacuumed-repeat,46,heldout,university of washington,3,237742,212522,8.934981960312689,26608,8,0.8726602787896123,3.291,2.699,1.219340496480178,scalar
250k,vacuumed-repeat,101,train,hotel del coronado,3,4662,4640,0.17521046301864102,26608,8,0.5261690261690262,0.121,0.254,0.4763779527559055,scalar
250k,vacuumed-repeat,241,train,interracial love,2,5559,5558,0.20892212868310284,26608,8,0.9904659111350962,0.116,0.311,0.37299035369774924,scalar
250k,vacuumed-repeat,276,train,the preakness,2,226891,226849,8.527172279013831,26608,8,0.9997928520743441,2.911,2.607,1.116609129267357,scalar
250k,vacuumed-repeat,187,train,the oregonian newspaper,3,229944,227131,8.641912206855082,26608,8,0.9865184566677104,3.449,2.61,1.321455938697318,scalar
250k,vacuumed-repeat,132,train,sesame street,2,7098,7096,0.2667618761274805,26608,8,0.9892927585235277,0.166,0.401,0.4139650872817955,scalar
250k,vacuumed-repeat,186,heldout,bismarck state college,3,40981,39383,1.540175886951293,26608,8,0.6153339352382812,0.884,1.431,0.6177498252969951,scalar
250k,vacuumed-repeat,52,train,jesus as a child,4,335711,231814,12.616919723391462,26608,8,0.6424752242255988,4.614,3.258,1.416206261510129,scalar
250k,vacuumed-repeat,22,train,stone mountain,2,7972,7909,0.29960914010823814,26608,8,0.5455343702960361,0.201,0.44,0.45681818181818185,scalar
250k,vacuumed-repeat,246,train,city in iran,3,241064,219457,9.059831629585087,26608,8,0.896376066106926,3.459,2.726,1.268892149669846,scalar
250k,vacuumed-repeat,11,train,the english restoration,3,240301,228084,9.03115604329525,26608,8,0.9439994007515574,3.415,2.597,1.3149788217173661,scalar
250k,vacuumed-repeat,87,train,ancient egypt,2,4792,4773,0.18009621166566447,26608,8,0.7180717863105175,0.102,0.238,0.42857142857142855,scalar
250k,vacuumed-repeat,93,heldout,clothing optional,2,1205,1203,0.045287131689717375,26608,8,0.7477178423236515,0.042,0.077,0.5454545454545455,scalar
250k,vacuumed-repeat,214,train,avon school,2,22418,22401,0.8425285628382442,26608,8,0.9916584887144259,0.363,0.884,0.4106334841628959,scalar
250k,vacuumed-repeat,194,train,robert fuller,2,6477,6470,0.24342303066746843,26608,8,0.958005249343832,0.119,0.303,0.3927392739273927,scalar
250k,vacuumed-repeat,277,train,blue ridge parkway,3,6046,6018,0.22722489476849067,26608,8,0.760999007608336,0.154,0.309,0.49838187702265374,scalar
250k,vacuumed-repeat,109,train,portrait studio,2,6349,6328,0.23861244738424534,26608,8,0.8502126319105371,0.128,0.306,0.41830065359477125,scalar
250k,vacuumed-repeat,110,train,calvin klein,2,473,472,0.017776608538785328,26608,8,0.5221987315010571,0.022,0.036,0.6111111111111112,scalar
250k,vacuumed-repeat,270,heldout,human trafficking,2,5909,5904,0.22207606734816596,26608,8,0.9658148586901337,0.114,0.291,0.3917525773195877,scalar
250k,vacuumed-repeat,266,train,edith head,2,12052,12040,0.45294648226097417,26608,8,0.9784268171257883,0.204,0.508,0.40157480314960625,scalar
250k,vacuumed-repeat,282,heldout,chicago public schools,3,24095,23447,0.9055547203848466,26608,8,0.5909524797675867,0.485,0.96,0.5052083333333334,scalar
250k,vacuumed-repeat,128,train,seal pictures,2,2747,2741,0.10323962717979555,26608,8,0.7608299963596651,0.067,0.15,0.4466666666666667,scalar
250k,vacuumed-repeat,240,train,robert reed,2,6819,6804,0.25627630787733013,26608,8,0.9099574717700543,0.128,0.315,0.40634920634920635,scalar
250k,vacuumed-repeat,256,heldout,eastern mennonite university,3,32969,32137,1.2390634395670475,26608,8,0.7425460280869908,0.664,1.254,0.5295055821371611,scalar
250k,vacuumed-repeat,148,train,graduate management admission test,4,11128,10959,0.41822008418520745,26608,8,0.4231667864845435,0.297,0.575,0.5165217391304348,scalar
250k,vacuumed-repeat,113,train,adobe buildings,2,4620,4618,0.17363199037883342,26608,8,0.969047619047619,0.088,0.22,0.39999999999999997,scalar
250k,vacuumed-repeat,70,train,montgomery college,2,16213,16176,0.6093280216476248,26608,8,0.9634244125084809,0.285,0.67,0.42537313432835816,scalar
250k,vacuumed-repeat,51,train,intramuscular injections,2,54,55,0.0020294648226097415,26608,8,0.6851851851851852,0.018,0.02,0.8999999999999999,scalar
250k,vacuumed-repeat,280,train,air mattress,2,8755,8754,0.3290363800360794,26608,8,0.9962307252998287,0.155,0.361,0.4293628808864266,scalar
250k,vacuumed-repeat,174,train,all funds,2,40428,40141,1.519392663860493,26608,8,0.954115959236173,0.639,1.305,0.48965517241379314,scalar
250k,vacuumed-repeat,16,train,milwaukee newspaper,2,3692,3684,0.13875526157546603,26608,8,0.8301733477789816,0.085,0.198,0.4292929292929293,scalar
250k,vacuumed-repeat,271,heldout,new england aquarium,3,54459,52703,2.046715273601924,26608,8,0.8215538294864027,1.164,2.001,0.5817091454272864,scalar
250k,vacuumed-repeat,7,heldout,borders books,2,6900,6870,0.2593205051112447,26608,8,0.8066666666666666,0.172,0.41,0.4195121951219512,scalar
250k,vacuumed-repeat,64,train,chicago bulls,2,4245,4239,0.15953848466626577,26608,8,0.9173144876325088,0.109,0.253,0.4308300395256917,scalar
250k,vacuumed-repeat,255,heldout,national security cutter,3,35515,35081,1.3347489476849068,26608,8,0.9052231451499366,0.833,1.447,0.575673807878369,scalar
250k,vacuumed-repeat,248,heldout,becoming a widow,3,222217,216579,8.351510823812387,26608,8,0.9706098093305192,3.359,2.789,1.2043743277160273,scalar
250k,vacuumed-repeat,116,train,mid continent airport,3,9062,8990,0.34057426337943475,26608,8,0.7109909512248952,0.256,0.529,0.4839319470699433,scalar
250k,vacuumed-repeat,80,train,columbia university,2,27204,26937,1.0223992784125076,26608,8,0.8999044258197324,0.557,1.176,0.473639455782313,scalar
250k,vacuumed-repeat,76,train,flow meter,2,2156,2152,0.08102826217678893,26608,8,0.7082560296846011,0.068,0.142,0.4788732394366198,scalar
250k,vacuumed-repeat,279,train,canon powershot,2,638,638,0.023977751052315092,26608,8,0.9968652037617555,0.033,0.058,0.5689655172413793,scalar
250k,vacuumed-repeat,159,train,jefferson davis high school,4,46308,43986,1.740378833433554,26608,8,0.4800682387492442,1.098,1.724,0.6368909512761022,scalar
250k,vacuumed-repeat,122,train,john donne,2,15553,15551,0.5845234515935057,26608,8,0.9982640005143703,0.339,0.729,0.4650205761316873,scalar
250k,vacuumed-repeat,217,train,kansas city kings,3,26464,26199,0.994588093806374,26608,8,0.8968787787182587,0.52,1.114,0.46678635547576297,scalar
250k,vacuumed-repeat,55,heldout,state of louisiana,3,233822,211932,8.787657847263981,26608,8,0.8872903319619198,3.368,2.756,1.2220609579100146,scalar
250k,vacuumed-repeat,61,train,sore muscles,2,330,329,0.01240228502705953,26608,8,0.7818181818181819,0.022,0.031,0.7096774193548386,scalar
250k,vacuumed-repeat,231,heldout,ugly people,2,18005,17989,0.6766761876127481,26608,8,0.9877256317689531,0.328,0.746,0.43967828418230565,scalar
250k,vacuumed-repeat,141,train,aishwarya rai,2,205,205,0.007704449789536981,26608,8,0.9024390243902439,0.019,0.025,0.7599999999999999,scalar
250k,vacuumed-repeat,288,train,power rangers ninja storm,4,9295,9231,0.34933102826217677,26608,8,0.7766541151156536,0.235,0.481,0.48856548856548854,scalar
250k,vacuumed-repeat,161,heldout,chicken noodle soup,3,590,590,0.022173782321106433,26608,8,0.6338983050847458,0.034,0.049,0.6938775510204082,scalar
250k,vacuumed-repeat,30,heldout,graffiti art,2,7664,7659,0.2880336740829826,26608,8,0.9780793319415448,0.155,0.395,0.3924050632911392,scalar
250k,vacuumed-repeat,181,heldout,care a lot,3,221303,216453,8.317160252555622,26608,8,0.9746185094643995,3.257,2.644,1.2318456883509834,scalar
250k,vacuumed-repeat,166,train,home loan,2,19001,18883,0.7141085387853278,26608,8,0.9102152518288511,0.362,0.804,0.4502487562189054,scalar
250k,vacuumed-repeat,27,train,texas state legislature,3,30692,30117,1.1534876728803367,26608,8,0.8216147530301056,0.595,1.139,0.5223880597014925,scalar
250k,vacuumed-repeat,199,train,roundabout theatre,2,3390,3389,0.12740529164161155,26608,8,0.968141592920354,0.098,0.24,0.4083333333333334,scalar
250k,vacuumed-repeat,123,train,evening wear,2,2778,2770,0.10440469031870114,26608,8,0.6349892008639308,0.07,0.152,0.46052631578947373,scalar
250k,vacuumed-repeat,151,train,bankruptcy laws,2,2271,2268,0.08535027059530968,26608,8,0.8251871422280933,0.056,0.127,0.4409448818897638,scalar
250k,vacuumed-repeat,177,train,edith wharton,2,365,365,0.013717678893565845,26608,8,0.7123287671232876,0.028,0.043,0.6511627906976745,scalar
250k,vacuumed-repeat,130,train,hurricane wilma,2,517,516,0.019430246542393264,26608,8,0.9168278529980658,0.028,0.045,0.6222222222222222,scalar
250k,vacuumed-repeat,44,train,third trimester,2,15425,15424,0.5797128683102826,26608,8,0.9987682333873582,0.275,0.666,0.41291291291291293,scalar
250k,vacuumed-repeat,114,train,national book award,3,50361,47731,1.892701443174985,26608,8,0.6383709616568376,1.0,1.63,0.6134969325153374,scalar
250k,vacuumed-repeat,14,heldout,color combinations,2,2921,2918,0.10977901383042694,26608,8,0.9048271140020541,0.064,0.151,0.423841059602649,scalar
250k,vacuumed-repeat,167,train,cherry blossom,2,559,558,0.021008719182200843,26608,8,0.7638640429338104,0.023,0.041,0.5609756097560975,scalar
250k,vacuumed-repeat,67,train,philadelphia phillies,2,2554,2552,0.09598616957306073,26608,8,0.8981989036805011,0.064,0.145,0.44137931034482764,scalar
250k,vacuumed-repeat,17,train,robert green ingersoll,3,11946,11803,0.448962717979555,26608,8,0.5194207266030471,0.307,0.63,0.4873015873015873,scalar
250k,vacuumed-repeat,250,train,centerville high school,3,44122,42172,1.6582230907997595,26608,8,0.5038529531752867,0.841,1.416,0.5939265536723164,scalar
250k,vacuumed-repeat,50,heldout,kasota stone,2,3625,3626,0.13623722188815393,26608,8,0.999448275862069,0.071,0.18,0.39444444444444443,scalar
250k,vacuumed-repeat,295,train,united states constitution,3,50476,47813,1.8970234515935056,26608,8,0.5146208098898486,0.676,1.294,0.5224111282843895,scalar
250k,vacuumed-repeat,142,heldout,trendy clothes,2,646,646,0.024278412507516535,26608,8,0.9504643962848297,0.025,0.045,0.5555555555555556,scalar
250k,vacuumed-repeat,73,heldout,tallest trees in the world,5,476023,247270,17.890220986169574,26608,8,0.4765399991176897,5.036,4.037,1.2474609858806043,scalar
250k,vacuumed-repeat,143,train,weather underground,2,3215,3205,0.12082832230907997,26608,8,0.5020217729393468,0.079,0.169,0.46745562130177515,scalar
250k,vacuumed-repeat,171,heldout,wildlife photography,2,2106,2101,0.07914912808177992,26608,8,0.5484330484330484,0.056,0.118,0.4745762711864407,scalar
250k,vacuumed-repeat,34,train,region iv,2,12807,12736,0.48132140709561033,26608,8,0.8752244866088857,0.234,0.518,0.4517374517374517,scalar
250k,vacuumed-repeat,251,train,foam mattress,2,154,154,0.005787733012627781,26608,8,0.7857142857142857,0.016,0.02,0.8,scalar
250k,vacuumed-repeat,104,train,kenosha wisconsin,2,1632,1632,0.06133493686109441,26608,8,0.9846813725490197,0.04,0.089,0.44943820224719105,scalar
250k,vacuumed-repeat,210,train,playa del rey,3,2780,2777,0.10447985568250151,26608,8,0.8823741007194245,0.069,0.153,0.4509803921568628,scalar
250k,vacuumed-repeat,176,train,john klein,2,15773,15758,0.5927916416115454,26608,8,0.9843403284093071,0.277,0.64,0.43281250000000004,scalar
250k,vacuumed-repeat,115,train,back surgery,2,17377,17312,0.6530742633794347,26608,8,0.9423375726535075,0.332,0.818,0.40586797066014674,scalar
250k,vacuumed-repeat,28,train,spiritual warfare,2,1971,1967,0.07407546602525557,26608,8,0.6012176560121766,0.057,0.121,0.4710743801652893,scalar
250k,vacuumed-repeat,175,heldout,zion national park,3,40755,39642,1.531682200841852,26608,8,0.7888357256778309,0.933,1.689,0.5523978685612789,scalar
250k,vacuumed-repeat,53,train,montessori schools,2,5998,5998,0.22542092603728203,26608,8,0.9939979993331111,0.132,0.323,0.4086687306501548,scalar
250k,vacuumed-repeat,20,heldout,who dares wins,3,58683,58011,2.205464521948286,26608,8,0.9485370550244534,3.233,4.711,0.6862661855232435,scalar
250k,vacuumed-repeat,163,train,microsoft frontpage,2,525,525,0.019730907997594707,26608,8,0.9866666666666667,0.071,0.083,0.8554216867469878,scalar
250k,vacuumed-repeat,219,train,ron keel,2,976,976,0.03668069753457607,26608,8,0.8350409836065574,0.046,0.08,0.575,scalar
250k,vacuumed-repeat,139,heldout,books on cd,3,124137,120444,4.665401383042694,26608,8,0.9365136905193455,1.959,2.27,0.8629955947136564,scalar
250k,vacuumed-repeat,145,train,analog computer,2,2814,2812,0.10575766686710764,26608,8,0.9047619047619048,0.065,0.153,0.4248366013071896,scalar
250k,vacuumed-repeat,247,train,corpus christi tx,3,553,553,0.02078322309079976,26608,8,0.5262206148282098,0.034,0.051,0.6666666666666667,scalar
250k,vacuumed-repeat,234,train,internet fraud,2,2285,2281,0.08587642814191221,26608,8,0.8196936542669584,0.062,0.14,0.44285714285714284,scalar
250k,vacuumed-repeat,264,train,perfume bottles,2,297,297,0.011162056524353578,26608,8,0.7744107744107744,0.022,0.032,0.6875,scalar
250k,vacuumed-repeat,83,train,international baseball,2,19529,19323,0.733952194828623,26608,8,0.8394183009882739,0.378,0.868,0.43548387096774194,scalar
250k,vacuumed-repeat,272,train,the book of life,4,466498,246554,17.532245941070354,26608,8,0.48627003759930376,5.016,4.29,1.1692307692307693,scalar
250k,vacuumed-repeat,185,train,david koresh,2,6157,6157,0.2313965724594107,26608,8,0.9995127497157706,0.146,0.318,0.45911949685534587,scalar
250k,vacuumed-repeat,273,train,rolex watches,2,281,281,0.010560733613950692,26608,8,0.8683274021352313,0.018,0.026,0.6923076923076923,scalar
250k,vacuumed-repeat,90,train,good luck,2,7973,7959,0.2996467227901383,26608,8,0.9423052803210836,0.142,0.361,0.3933518005540166,scalar
250k,vacuumed-repeat,299,heldout,google satellite,2,1395,1394,0.05242784125075165,26608,8,0.7304659498207885,0.04,0.081,0.49382716049382713,scalar
250k,vacuumed-repeat,164,train,camp claiborne,2,2821,2821,0.1060207456404089,26608,8,0.9826302729528535,0.061,0.15,0.4066666666666667,scalar
250k,vacuumed-repeat,149,heldout,big boss man,3,15589,15342,0.5858764281419122,26608,8,0.6033741740971198,0.335,0.691,0.48480463096960935,scalar
250k,vacuumed-repeat,293,train,jamie murray,2,1210,1208,0.04547504509921828,26608,8,0.6834710743801653,0.038,0.074,0.5135135135135135,scalar
250k,vacuumed-repeat,206,train,tennis elbow,2,1464,1463,0.0550210463018641,26608,8,0.9050546448087432,0.042,0.084,0.5,scalar
250k,vacuumed-repeat,190,train,kristanna loken,2,4,3,0.0001503307276007216,26608,8,0.75,0.01,0.011,0.9090909090909092,scalar
250k,vacuumed-repeat,287,heldout,central community college,3,40285,38178,1.5140183403487673,26608,8,0.38773737122998636,0.967,1.643,0.588557516737675,scalar
250k,vacuumed-repeat,237,heldout,university of akron,3,232082,211653,8.722263980757667,26608,8,0.8939426581983954,3.231,2.654,1.217407686510927,scalar
250k,vacuumed-repeat,58,train,lord of the rings,4,437706,246114,16.450165363800362,26608,8,0.5182565466317574,4.295,3.505,1.225392296718973,scalar
250k,vacuumed-repeat,226,train,hsbc bank,2,3959,3959,0.1487898376428142,26608,8,0.9926749179085628,0.079,0.197,0.4010152284263959,scalar
250k,vacuumed-repeat,198,heldout,automatic writing,2,5656,5639,0.21256764882742032,26608,8,0.8454738330975955,0.12,0.274,0.437956204379562,scalar
250k,vacuumed-repeat,6,train,plus size clothing,3,7259,7202,0.2728126879134095,26608,8,0.6244661799145887,0.166,0.361,0.45983379501385047,scalar
250k,vacuumed-repeat,39,heldout,most improved player,3,46432,44467,1.7450390859891762,26608,8,0.6784329772570641,0.892,1.521,0.5864562787639711,scalar
250k,vacuumed-repeat,69,train,naomi wallace,2,659,659,0.02476698737221888,26608,8,0.7996965098634294,0.026,0.047,0.5531914893617021,scalar
250k,vacuumed-repeat,221,train,open source software,3,14847,14606,0.5579900781719783,26608,8,0.596753552906311,0.317,0.657,0.4824961948249619,scalar
250k,vacuumed-repeat,68,heldout,trans siberian orchestra,3,2102,2097,0.0789987973541792,26608,8,0.6745956232159848,0.063,0.129,0.4883720930232558,scalar
250k,vacuumed-repeat,152,train,antonio cromartie,2,1649,1649,0.061973842453397474,26608,8,0.9963614311704063,0.042,0.099,0.42424242424242425,scalar
250k,vacuumed-repeat,259,train,rob halford,2,698,698,0.026232711966325917,26608,8,0.9684813753581661,0.024,0.046,0.5217391304347826,scalar
250k,vacuumed-repeat,134,train,jaguar x type,3,9632,9545,0.3619963920625376,26608,8,0.6419227574750831,0.216,0.46,0.4695652173913043,scalar
250k,vacuumed-repeat,229,train,the progressive,2,228164,226966,8.57501503307276,26608,8,0.994214687680791,2.689,2.401,1.1199500208246564,scalar
250k,vacuumed-repeat,89,heldout,york photo,2,12918,12881,0.48549308478653036,26608,8,0.9403932497290602,0.262,0.623,0.42054574638844305,scalar
250k,vacuumed-repeat,31,train,texas death row,3,18859,18547,0.7087717979555022,26608,8,0.7161567421390318,0.449,0.917,0.4896401308615049,scalar
250k,vacuumed-repeat,47,train,japan airlines,2,7421,7408,0.27890108238123873,26608,8,0.9407087993531869,0.157,0.361,0.43490304709141275,scalar
250k,vacuumed-repeat,242,heldout,round table,2,9893,9820,0.3718054720384847,26608,8,0.752855554432427,0.233,0.508,0.45866141732283466,scalar
250k,vacuumed-repeat,283,train,george r brown convention center,5,33378,31711,1.2544347564642213,26608,8,0.27631973155971,0.985,1.617,0.6091527520098948,scalar
250k,vacuumed-repeat,41,heldout,mercury insurance,2,1482,1481,0.05569753457606735,26608,8,0.717948717948718,0.053,0.104,0.5096153846153846,scalar
250k,vacuumed-repeat,60,train,long legs,2,18643,18542,0.7006539386650631,26608,8,0.9219546210373867,0.378,0.848,0.4457547169811321,scalar
250k,vacuumed-repeat,138,heldout,little brown jug,3,14510,14304,0.5453247143716176,26608,8,0.5868366643694004,0.876,2.007,0.43647234678624813,scalar
250k,vacuumed-repeat,201,train,the garden of eden,4,436641,246097,16.41013980757667,26608,8,0.5195206130436675,4.669,3.76,1.241755319148936,scalar
250k,vacuumed-repeat,296,heldout,niceville high school,3,44095,42150,1.6572083583884547,26608,8,0.5041614695543712,0.911,1.553,0.5866065679330329,scalar
250k,vacuumed-repeat,117,train,developmental delays,2,654,654,0.024579073962717978,26608,8,0.5030581039755352,0.037,0.056,0.6607142857142857,scalar
250k,vacuumed-repeat,33,train,interest only,2,41502,40749,1.5597564642212869,26608,8,0.8751385475398776,0.789,1.481,0.5327481431465226,scalar
250k,vacuumed-repeat,1,train,the,1,226844,226844,8.525405892964521,26608,8,1.0,1.744,2.174,0.8022079116835327,scalar
250k,vacuumed-repeat,3,train,bowel obstruction,2,160,160,0.006013229104028864,26608,8,0.675,0.021,0.029,0.7241379310344828,scalar
250k,vacuumed-repeat,300,train,laborers international union of north america,6,263474,216268,9.90205953096813,26608,8,0.7874325360377115,4.848,3.709,1.3070908600700997,scalar
250k,vacuumed-repeat,82,train,american south,2,55028,52015,2.068099819603127,26608,8,0.5350367085847205,1.125,1.741,0.646180356117174,scalar
250k,vacuumed-repeat,48,heldout,freedom tower,2,4661,4639,0.17517288033674083,26608,8,0.5522420081527569,0.134,0.291,0.4604810996563575,scalar
250k,vacuumed-repeat,10,train,wisconsin attorney general,3,18051,17848,0.6784049909801564,26608,8,0.8189573984820786,0.403,0.868,0.4642857142857143,scalar
250k,vacuumed-repeat,35,heldout,army reserve,2,11678,11570,0.4388905592303067,26608,8,0.7288063024490495,0.265,0.587,0.4514480408858604,scalar
250k,vacuumed-repeat,106,train,cheap hotels,2,913,913,0.0343129885748647,26608,8,0.6276013143483024,0.036,0.068,0.5294117647058822,scalar
250k,vacuumed-repeat,49,train,virginia usa,2,7431,7376,0.2792769092002405,26608,8,0.5399004171713094,0.18,0.392,0.4591836734693877,scalar
250k,vacuumed-repeat,172,train,david kim,2,6904,6885,0.25947083583884545,26608,8,0.8913673232908459,0.138,0.383,0.360313315926893,scalar
250k,vacuumed-repeat,74,heldout,reading museum,2,6879,6839,0.258531268791341,26608,8,0.691234191016136,0.169,0.394,0.4289340101522843,scalar
250k,vacuumed-repeat,121,heldout,bmw engines,2,1270,1269,0.047730006013229104,26608,8,0.8700787401574803,0.044,0.089,0.4943820224719101,scalar
250k,vacuumed-repeat,158,train,little cars,2,10057,10005,0.37796903187011427,26608,8,0.8466739584369096,0.214,0.493,0.4340770791075051,scalar
250k,vacuumed-repeat,12,train,freelance work,2,20104,20074,0.7555622369212267,26608,8,0.98075009948269,0.381,0.893,0.42665173572228443,scalar
250k,vacuumed-repeat,162,train,music stands,2,14587,14470,0.5482185808779314,26608,8,0.8351957222184136,0.306,0.692,0.44219653179190754,scalar
250k,vacuumed-repeat,125,heldout,critical care nurse,3,7091,7036,0.2664987973541792,26608,8,0.4846989141164857,0.19,0.404,0.47029702970297027,scalar
250k,vacuumed-repeat,207,heldout,kidney transplant,2,378,377,0.01420625375826819,26608,8,0.6931216931216931,0.023,0.036,0.638888888888889,scalar
250k,vacuumed-repeat,265,heldout,old photos,2,14740,14707,0.5539687312086591,26608,8,0.9603799185888738,0.286,0.645,0.44341085271317826,scalar
250k,vacuumed-repeat,188,train,justin timberlake,2,501,500,0.018828923631990378,26608,8,0.9441117764471058,0.03,0.05,0.6,scalar
250k,vacuumed-repeat,236,train,new jersey police,3,51320,50111,1.928743235117258,26608,8,0.8718043647700702,1.049,1.763,0.5950085082246171,scalar
250k,vacuumed-repeat,228,train,mushroom kingdom,2,5943,5940,0.2233538785327721,26608,8,0.9757698132256436,0.127,0.315,0.4031746031746032,scalar
250k,vacuumed-repeat,21,train,west palm beach florida,4,24446,23942,0.91874624173181,26608,8,0.740284709154872,0.591,1.134,0.5211640211640212,scalar
250k,vacuumed-repeat,100,train,fatherless children,2,11039,11038,0.4148752254960914,26608,8,0.9990941208442794,0.208,0.532,0.39097744360902253,scalar
250k,vacuumed-repeat,99,heldout,st petersburg high school,4,61211,56337,2.300473541791942,26608,8,0.3631863553936384,1.427,2.118,0.673748819641171,scalar
250k,vacuumed-repeat,298,train,true religion,2,4965,4942,0.18659801563439568,26608,8,0.6445115810674723,0.123,0.274,0.44890510948905105,scalar
250k,vacuumed-repeat,196,train,bass fishing,2,2853,2845,0.10722339146121468,26608,8,0.5292674377847879,0.081,0.184,0.44021739130434784,scalar
250k,vacuumed-repeat,203,heldout,the daily breeze,3,230265,227161,8.653976247745039,26608,8,0.9851432045686491,3.563,2.651,1.3440211241041118,scalar
250k,vacuumed-repeat,292,train,david thornton,2,6337,6332,0.23816145520144316,26608,8,0.971121982010415,0.147,0.35,0.42,scalar
250k,vacuumed-repeat,71,heldout,belcourt castle,2,2360,2360,0.08869512928442573,26608,8,0.9983050847457627,0.064,0.147,0.435374149659864,scalar
250k,vacuumed-repeat,32,train,catholic answers,2,4668,4662,0.1754359591100421,26608,8,0.9179520137103685,0.123,0.271,0.4538745387453874,scalar
250k,vacuumed-repeat,88,train,american academy of child and adolescent psychiatry,7,431561,240515,16.21921978352375,26608,8,0.48073852827294405,6.442,4.566,1.410862899693386,scalar
250k,vacuumed-repeat,94,train,xena warrior princess,3,1564,1563,0.05877931449188214,26608,8,0.6886189258312021,0.063,0.119,0.5294117647058824,scalar
250k,vacuumed-repeat,105,train,false prophets,2,1104,1104,0.04149128081779916,26608,8,0.9112318840579711,0.039,0.079,0.4936708860759494,scalar
250k,vacuumed-repeat,253,train,farmers almanac,2,1161,1161,0.04363349368610944,26608,8,0.9577950043066322,0.042,0.083,0.5060240963855421,scalar
250k,vacuumed-repeat,284,heldout,warren county,2,17929,17875,0.6738199037883343,26608,8,0.9555468793574655,0.343,0.773,0.44372574385511,scalar
250k,vacuumed-repeat,294,train,boulder city nevada,3,24703,24611,0.9284049909801564,26608,8,0.960814475974578,0.599,1.182,0.5067681895093062,scalar
250k,vacuumed-repeat,137,train,dexter michigan,2,2338,2335,0.08786831028262176,26608,8,0.8699743370402053,0.067,0.147,0.45578231292517013,scalar
250k,vacuumed-repeat,29,train,georgia public broadcasting,3,18520,18259,0.6960312687913409,26608,8,0.7688444924406047,0.444,0.903,0.49169435215946844,scalar
250k,vacuumed-repeat,223,heldout,los angeles daily news,4,16022,15644,0.6021497294046904,26608,8,0.2909124953189365,0.386,0.753,0.5126162018592297,scalar
250k,vacuumed-repeat,18,train,omaha symphony,2,959,959,0.036041791942273,26608,8,0.6798748696558915,0.045,0.078,0.5769230769230769,scalar
250k,vacuumed-repeat,65,train,child support,2,13202,13049,0.4961665664461816,26608,8,0.676791395243145,0.299,0.672,0.44494047619047616,scalar
250k,vacuumed-repeat,261,train,medal of honor,3,215939,208898,8.115566746843054,26608,8,0.9607713289401173,3.204,2.631,1.2177879133409353,scalar
250k,vacuumed-repeat,275,train,general motors,2,15178,15154,0.5704299458809381,26608,8,0.9739754908420082,0.344,0.788,0.43654822335025373,scalar
250k,vacuumed-repeat,238,train,the news journal,3,234400,227539,8.809380637402285,26608,8,0.9677645051194539,3.66,2.833,1.291916696081892,scalar
250k,vacuumed-repeat,289,heldout,movie theatres,2,3784,3778,0.14221286831028263,26608,8,0.8911205073995772,0.089,0.219,0.4063926940639269,scalar
250k,vacuumed-repeat,218,heldout,new haven,2,45401,45283,1.7062913409500902,26608,8,0.9854628752670646,0.795,1.531,0.5192684519921621,scalar
250k,vacuumed-repeat,286,train,david lee roth,3,8741,8676,0.32851022248947687,26608,8,0.7040384395378103,0.228,0.482,0.47302904564315357,scalar
250k,vacuumed-repeat,258,heldout,usb hub,2,600,600,0.02254960914010824,26608,8,0.8316666666666667,0.026,0.047,0.5531914893617021,scalar
250k,vacuumed-repeat,281,train,pocket pc,2,1125,1124,0.04228051713770295,26608,8,0.5306666666666666,0.043,0.081,0.5308641975308641,scalar
250k,vacuumed-repeat,15,heldout,italian translation,2,6830,6800,0.2566897173782321,26608,8,0.8038067349926794,0.166,0.372,0.446236559139785,scalar
250k,vacuumed-repeat,102,heldout,law dictionary,2,9233,9218,0.3470009019843656,26608,8,0.9552691432903715,0.191,0.468,0.4081196581196581,scalar
250k,vacuumed-repeat,208,heldout,us coast guard,3,16642,16307,0.6254509921828022,26608,8,0.4815526979930297,0.436,0.854,0.5105386416861827,scalar
250k,vacuumed-repeat,36,train,chicken coop,2,440,441,0.016536380036079375,26608,8,0.85,0.025,0.039,0.6410256410256411,scalar
250k,vacuumed-repeat,147,heldout,food carts,2,4086,4085,0.1535628382441371,26608,8,0.9804209495839452,0.091,0.226,0.40265486725663713,scalar
250k,vacuumed-repeat,184,heldout,personal chef,2,8491,8482,0.31911455201443173,26608,8,0.9673772229419385,0.221,0.534,0.4138576779026217,scalar
250k,vacuumed-repeat,37,train,people having sex,3,31299,30266,1.1763003607937463,26608,8,0.5681970669989457,0.661,1.248,0.5296474358974359,scalar
250k,vacuumed-repeat,168,train,miami dade college,3,16886,16807,0.6346211665664462,26608,8,0.9250266492952742,0.363,0.77,0.4714285714285714,scalar
250k,vacuumed-repeat,170,train,naked news,2,5202,5192,0.19550511124473843,26608,8,0.89600153787005,0.121,0.265,0.4566037735849056,scalar
250k,vacuumed-repeat,97,heldout,elliott smith,2,3364,3360,0.12642814191220686,26608,8,0.888525564803805,0.083,0.199,0.41708542713567837,scalar
250k,vacuumed-repeat,179,heldout,milan tennessee,2,2584,2578,0.09711365003006614,26608,8,0.6211300309597523,0.076,0.163,0.4662576687116564,scalar
250k,vacuumed-repeat,195,heldout,zip code,2,2503,2500,0.09406945279615153,26608,8,0.9029165001997603,0.06,0.142,0.4225352112676057,scalar
250k,vacuumed-repeat,81,train,fluid power,2,7683,7670,0.288747745039086,26608,8,0.939606924378498,0.187,0.46,0.40652173913043477,scalar
250k,vacuumed-repeat,24,train,ford modeling agency,3,4185,4166,0.15728352375225496,26608,8,0.6317801672640382,0.134,0.258,0.5193798449612403,scalar
250k,vacuumed-repeat,40,train,ear ache,2,569,569,0.021384546001202646,26608,8,0.9578207381370826,0.027,0.047,0.5744680851063829,scalar
250k,vacuumed-repeat,98,train,heart disease,2,6007,5974,0.22575917017438366,26608,8,0.6462460462793408,0.153,0.32,0.47812499999999997,scalar
250k,vacuumed-repeat,19,heldout,body painting,2,9028,8974,0.3392964521948286,26608,8,0.7864421798848028,0.201,0.468,0.4294871794871795,scalar
250k,vacuumed-repeat,124,train,toxic encephalopathy,2,404,403,0.015183403487672881,26608,8,0.9405940594059405,0.025,0.039,0.6410256410256411,scalar
250k,mutated,244,train,akron beacon,2,334,334,0.012552615754660252,26608,57,0.5898203592814372,0.069,0.129,0.5348837209302326,scalar
250k,mutated,297,train,sleep study,2,6753,6738,0.2537958508719182,26608,57,0.9073004590552347,1.088,2.275,0.4782417582417583,scalar
250k,mutated,224,heldout,napa auto parts,3,6898,6881,0.2592453397474444,26608,57,0.9020005798782256,1.044,2.029,0.5145391818629867,scalar
250k,mutated,140,heldout,carolyn jones,2,2137,2137,0.0803141912206855,26608,57,0.9363593823116518,0.329,0.674,0.48813056379821956,scalar
250k,mutated,136,heldout,sarah fisher,2,1519,1517,0.05708809380637402,26608,57,0.6879526003949967,0.222,0.49,0.4530612244897959,scalar
250k,mutated,103,train,anderson hospital,2,5232,5214,0.19663259170174383,26608,57,0.7907110091743119,0.744,1.489,0.4996642041638683,scalar
250k,mutated,220,train,business consultants,2,8616,8612,0.3238123872519543,26608,57,0.9842154131847726,1.508,2.773,0.5438153624233681,scalar
250k,mutated,126,heldout,the breakfast club,3,246273,233817,9.255599819603127,26608,57,0.9442772857763538,32.102,33.458,0.9594715763046207,scalar
250k,mutated,156,heldout,padre island,2,8443,8440,0.3173105832832231,26608,57,0.9901693710766315,1.2,2.34,0.5128205128205129,scalar
250k,mutated,269,train,the british embassy,3,245413,233736,9.223278713168972,26608,57,0.9475863136834642,30.391,31.155,0.9754774514524153,scalar
250k,mutated,235,train,tv party,2,15428,15218,0.5798256163559832,26608,57,0.6559502203785326,3.002,4.718,0.6362865621025858,scalar
250k,mutated,42,heldout,battle of the bulge,4,451251,252301,16.959222790138305,26608,57,0.5153451183487682,34.811,35.223,0.9883030974079438,scalar
250k,mutated,200,heldout,table lamps,2,2699,2697,0.10143565844858689,26608,57,0.9266394961096702,0.4,0.771,0.5188067444876784,scalar
250k,mutated,205,train,term life insurance,3,31381,30641,1.179382140709561,26608,57,0.7536726044421784,3.795,6.633,0.572139303482587,scalar
250k,mutated,150,train,gun magazines,2,3345,3335,0.12571407095610343,26608,57,0.6394618834080718,0.442,0.9,0.4911111111111111,scalar
250k,mutated,213,heldout,too faced,2,7729,7681,0.2904765484064943,26608,57,0.710570578341312,0.963,1.932,0.4984472049689441,scalar
250k,mutated,209,train,car stereo,2,3716,3713,0.13965724594107035,26608,57,0.9456404736275565,0.613,1.154,0.5311958405545928,scalar
250k,mutated,211,train,domain names,2,5362,5343,0.20151834034876728,26608,57,0.789071242073853,1.068,1.914,0.5579937304075235,scalar
250k,mutated,133,train,ellen degeneres show,3,10104,10086,0.3797354179194227,26608,57,0.9517022961203484,2.026,3.202,0.632729544034978,scalar
250k,mutated,182,train,costume designers,2,871,870,0.03273451593505713,26608,57,0.5258323765786452,0.146,0.299,0.4882943143812709,scalar
250k,mutated,245,heldout,john wellington,2,16572,16530,0.6228202044497896,26608,57,0.9597513878831765,2.269,3.842,0.5905778240499739,scalar
250k,mutated,227,train,cognitive impairment,2,422,422,0.01585989176187613,26608,57,0.6872037914691943,0.072,0.13,0.5538461538461538,scalar
250k,mutated,230,heldout,mood swings,2,469,470,0.017626277811184605,26608,57,0.7100213219616205,0.078,0.15,0.52,scalar
250k,mutated,43,train,secretary of state,3,242922,217767,9.129660252555622,26608,57,0.875643210577881,28.792,29.583,0.9732616705540346,scalar
250k,mutated,4,train,vicenza italy,2,4878,4876,0.18332832230907997,26608,57,0.9876998769987699,0.619,1.304,0.4746932515337423,scalar
250k,mutated,25,train,glass works,2,11954,11887,0.44926337943475647,26608,57,0.8603814622720428,1.482,3.032,0.4887862796833773,scalar
250k,mutated,119,train,canadian real estate,3,13702,13467,0.5149579073962718,26608,57,0.4095752444898555,1.595,3.065,0.5203915171288744,scalar
250k,mutated,111,train,kitchen accessories,2,971,971,0.036492784125075166,26608,57,0.7703398558187435,0.151,0.292,0.517123287671233,scalar
250k,mutated,79,train,prayer times,2,13513,13476,0.5078547805171377,26608,57,0.9449419077924961,1.612,3.191,0.5051707928549045,scalar
250k,mutated,84,train,ace frehley,2,403,403,0.0151458208057727,26608,57,0.9727047146401985,0.072,0.136,0.5294117647058822,scalar
250k,mutated,254,train,civil war battlefields,3,25191,24729,0.9467453397474443,26608,57,0.7530070263189235,4.341,5.999,0.7236206034339058,scalar
250k,mutated,108,train,missy elliott,2,406,406,0.015258568851473241,26608,57,0.9285714285714286,0.083,0.159,0.5220125786163522,scalar
250k,mutated,72,train,binghamton new york,3,58452,56201,2.1967829224293447,26608,57,0.7853281324847738,12.843,20.447,0.6281117034283759,scalar
250k,mutated,135,train,the movement,2,237554,233013,8.927916416115455,26608,57,0.9789353157597851,30.831,31.638,0.9744926986535178,scalar
250k,mutated,180,heldout,western herald,2,13266,13239,0.49857185808779314,26608,57,0.9574853007688828,1.471,3.113,0.472534532605204,scalar
250k,mutated,57,train,cured of cancer,3,214623,213037,8.066107937462418,26608,57,0.9911006742054672,27.788,29.033,0.9571177625460683,scalar
250k,mutated,232,heldout,little shop of horrors,4,223171,214478,8.38736470234516,26608,57,0.9531390727289836,28.807,29.306,0.982972770081212,scalar
250k,mutated,260,train,new york towns,3,60763,58006,2.2836365003006613,26608,57,0.75545973701101,11.013,15.47,0.7118939883645765,scalar
250k,mutated,178,heldout,times union,2,21699,21253,0.8155066145520145,26608,57,0.5884602977095719,3.462,5.816,0.59525447042641,scalar
250k,mutated,285,train,animal rights,2,6343,6309,0.23838695129284426,26608,57,0.6777550055178937,1.034,1.86,0.5559139784946237,scalar
250k,mutated,249,train,king kalakaua,2,7337,7337,0.2757441371016236,26608,57,0.9997274090227614,0.951,2.235,0.425503355704698,scalar
250k,mutated,268,train,bladder tumor,2,293,293,0.011011725796752856,26608,57,0.6689419795221843,0.062,0.11,0.5636363636363636,scalar
250k,mutated,127,train,lost episode,2,11486,11397,0.431674684305472,26608,57,0.7755528469441059,1.656,3.248,0.5098522167487685,scalar
250k,mutated,262,train,hot springs south dakota,4,31339,30794,1.1778036680697535,26608,57,0.8383483838029293,4.67,8.571,0.5448605763621515,scalar
250k,mutated,302,train,a search engine is an information retrieval software system designed to help find information stored on one or more computer systems,20,1009087,255855,37.92419573060734,26608,57,0.21916247062939073,47.493,41.897,1.1335656490918204,scalar
250k,mutated,112,train,consumer affairs,2,3898,3889,0.14649729404690318,26608,57,0.8119548486403284,0.511,1.064,0.48026315789473684,scalar
250k,mutated,8,train,american funds,2,32171,31945,1.2090724594107036,26608,57,0.9405054241397532,4.115,6.696,0.6145459976105138,scalar
250k,mutated,62,heldout,connecticut post,2,11395,11346,0.4282546602525556,26608,57,0.892847740236946,1.288,2.677,0.481135599551737,scalar
250k,mutated,26,heldout,personal loan,2,10148,10091,0.3813890559230307,26608,57,0.8299172250689791,1.262,2.484,0.5080515297906603,scalar
250k,mutated,278,train,elizabeth vargas,2,2461,2460,0.09249098015634395,26608,57,0.9374238114587566,0.366,0.702,0.5213675213675214,scalar
250k,mutated,165,train,william wallace,2,9045,9027,0.3399353577871317,26608,57,0.9405196241017136,1.92,2.857,0.672033601680084,scalar
250k,mutated,13,train,french culinary institute,3,17508,17227,0.6579975947083584,26608,57,0.635709389993146,2.673,5.08,0.5261811023622047,scalar
250k,mutated,301,train,to be or not to be,4,320436,210475,12.042844257366205,26608,57,0.52026925813579,28.535,30.7,0.9294788273615635,scalar
250k,mutated,267,heldout,danube river,2,14319,14308,0.5381464221286831,26608,57,0.985334171380683,2.349,4.068,0.5774336283185841,scalar
250k,mutated,120,train,barrett jackson,2,1803,1802,0.06776157546602525,26608,57,0.8946200776483638,0.285,0.583,0.48885077186963977,scalar
250k,mutated,154,train,phone cases,2,4053,4041,0.15232260974143114,26608,57,0.7525289908709598,0.637,1.323,0.4814814814814815,scalar
250k,mutated,155,train,the incredibles,2,232558,232551,8.740153337342154,26608,57,0.99996559997936,31.26,32.797,0.9531359575570938,scalar
250k,mutated,45,train,hempstead new york,3,58415,56172,2.195392363199038,26608,57,0.785825558503809,9.248,13.41,0.689634601043997,scalar
250k,mutated,192,train,connecticut historical society,3,13944,13736,0.5240529164161154,26608,57,0.5719305794606999,3.321,4.446,0.7469635627530365,scalar
250k,mutated,56,heldout,penny stocks,2,471,470,0.017701443174984968,26608,57,0.5329087048832272,0.089,0.17,0.5235294117647058,scalar
250k,mutated,160,train,game downloads,2,9325,9321,0.3504585087191822,26608,57,0.9859517426273459,1.775,3.049,0.5821580846179075,scalar
250k,mutated,38,train,new york population,3,70167,65349,2.6370640408899577,26608,57,0.6542106688329271,11.159,15.107,0.7386641954061032,scalar
250k,mutated,239,train,cartoon network,2,5257,5247,0.19757215874924836,26608,57,0.9083127258892905,0.891,1.655,0.538368580060423,scalar
250k,mutated,173,heldout,printer ink,2,519,518,0.019505411906193627,26608,57,0.5009633911368016,0.093,0.18,0.5166666666666667,scalar
250k,mutated,118,train,elise neal,2,328,327,0.01232711966325917,26608,57,0.7774390243902439,0.066,0.125,0.528,scalar
250k,mutated,197,train,ford parts,2,7372,7344,0.2770595309681299,26608,57,0.8440043407487792,1.119,2.252,0.49689165186500894,scalar
250k,mutated,274,train,water filters,2,9835,9830,0.3696256764882742,26608,57,0.9863751906456533,1.755,2.873,0.6108597285067873,scalar
250k,mutated,204,heldout,debra jo rupp,3,764,763,0.028713168971737823,26608,57,0.9044502617801047,0.146,0.275,0.5309090909090909,scalar
250k,mutated,85,train,the globe newspaper,3,236478,232912,8.88747745039086,26608,57,0.9833895753516183,32.712,34.124,0.9586214980658774,scalar
250k,mutated,131,heldout,john wilkes booth,3,16318,16292,0.6132742032471438,26608,57,0.9746905257997304,3.597,5.365,0.6704566635601118,scalar
250k,mutated,5,train,digital scanning,2,2267,2266,0.08519993986770896,26608,57,0.9444199382443759,0.367,0.742,0.4946091644204852,scalar
250k,mutated,222,train,ambassador of italy,3,218759,213735,8.221549909801563,26608,57,0.9723622799519106,29.909,31.236,0.9575169676014854,scalar
250k,mutated,183,heldout,the actors studio,3,239502,233190,9.001127480457006,26608,57,0.9709731025210645,32.773,32.886,0.9965638873684851,scalar
250k,mutated,146,train,pump it up,3,149441,134342,5.6163935658448585,26608,57,0.7775309319396952,21.893,26.071,0.8397453108818227,scalar
250k,mutated,257,train,new york times best sellers list,6,99620,86662,3.743986770895971,26608,57,0.46079100582212407,14.701,18.489,0.7951214235491373,scalar
250k,mutated,212,train,premier wine,2,3454,3444,0.1298105832832231,26608,57,0.7417486971627099,0.64,1.161,0.5512489233419466,scalar
250k,mutated,23,train,san francisco,2,10379,10293,0.39007065544197234,26608,57,0.7123036901435591,1.318,2.565,0.5138401559454191,scalar
250k,mutated,78,heldout,georgian architecture,2,3353,3348,0.12601473241130487,26608,57,0.8383537130927528,0.53,1.045,0.5071770334928231,scalar
250k,mutated,92,train,jonathan daniel,2,2988,2980,0.11229705351773903,26608,57,0.6921017402945113,0.476,0.944,0.5042372881355932,scalar
250k,mutated,144,heldout,mercedes benz,2,346,346,0.013003607937462417,26608,57,0.6994219653179191,0.062,0.107,0.5794392523364486,scalar
250k,mutated,191,heldout,chicago teachers union,3,14683,14455,0.5518265183403488,26608,57,0.6081863379418375,2.486,4.136,0.601063829787234,scalar
250k,mutated,216,train,ventura college,2,16179,16171,0.6080502104630187,26608,57,0.992273935348291,2.2,4.709,0.46719048630282445,scalar
250k,mutated,233,train,abilene tx,2,195,195,0.007328622970535177,26608,57,0.7128205128205128,0.059,0.098,0.6020408163265305,scalar
250k,mutated,189,train,hawk mountain,2,4817,4811,0.18103577871316898,26608,57,0.9263026780153623,0.716,1.495,0.47892976588628755,scalar
250k,mutated,2,train,griffith observatory,2,639,638,0.024015333734215275,26608,57,0.5524256651017214,0.114,0.226,0.504424778761062,scalar
250k,mutated,9,train,scottsdale az,2,369,369,0.013868009621166567,26608,57,0.8672086720867209,0.081,0.149,0.5436241610738255,scalar
250k,mutated,215,train,jungle boy,2,2998,2994,0.11267288033674083,26608,57,0.8619079386257505,0.448,0.934,0.47965738758029974,scalar
250k,mutated,252,train,music videos,2,13553,13501,0.509358087793145,26608,57,0.921493396296023,2.266,3.828,0.5919540229885057,scalar
250k,mutated,243,train,low estrogen,2,6372,6371,0.2394768490679495,26608,57,0.9910546139359698,0.986,2.09,0.4717703349282297,scalar
250k,mutated,263,train,home business,2,26198,25611,0.984591100420926,26608,57,0.6763111687915108,5.391,7.864,0.685528992878942,scalar
250k,mutated,129,heldout,critical care medicine,3,9025,8921,0.3391837041491281,26608,57,0.3884764542936288,1.525,2.665,0.572232645403377,scalar
250k,mutated,66,train,iq scores,2,848,848,0.03187011425135298,26608,57,0.9327830188679245,0.129,0.282,0.45744680851063835,scalar
250k,mutated,63,train,danbury ct,2,213,213,0.008005111244738424,26608,57,0.8591549295774648,0.051,0.09,0.5666666666666667,scalar
250k,mutated,107,train,walk the line,3,245184,233712,9.214672279013831,26608,57,0.9484713521273819,32.349,32.95,0.981760242792109,scalar
250k,mutated,153,train,sky news,2,5954,5932,0.22376728803367407,26608,57,0.8028216325159556,0.905,1.911,0.47357404500261646,scalar
250k,mutated,193,train,shih tzu,2,46,46,0.0017288033674082983,26608,57,0.5434782608695652,0.049,0.046,1.065217391304348,scalar
250k,mutated,225,train,law school rankings,3,32252,31393,1.2121166566446182,26608,57,0.7056926702220018,6.361,9.368,0.6790136635354398,scalar
250k,mutated,202,heldout,immigration to mexico,3,171979,168549,6.463432050511124,26608,57,0.9693799824397165,24.317,26.805,0.9071814959895542,scalar
250k,mutated,96,heldout,tom welling,2,2711,2711,0.10188665063138906,26608,57,0.9940981187753597,0.408,0.827,0.49334945586457074,scalar
250k,mutated,169,train,time in denver,3,259833,226700,9.765220986169574,26608,57,0.8525668410094176,29.793,30.573,0.9744872927092533,scalar
250k,mutated,59,train,helen of troy,3,213808,212899,8.03547805171377,26608,57,0.9948785826535957,27.981,28.831,0.9705178453747703,scalar
250k,mutated,77,train,famous quotes,2,6128,6120,0.23030667468430546,26608,57,0.9516971279373369,0.748,1.639,0.4563758389261745,scalar
250k,mutated,86,train,decorative windows,2,2501,2496,0.09399428743235118,26608,57,0.7465013994402239,0.341,0.661,0.5158850226928896,scalar
250k,mutated,290,train,canary bird,2,7024,7017,0.2639807576668671,26608,57,0.9645501138952164,0.655,0.977,0.6704196519959059,scalar
250k,mutated,54,heldout,oxford dictionary,2,2239,2236,0.08414762477450391,26608,57,0.8128628852166145,0.33,0.658,0.5015197568389058,scalar
250k,mutated,157,train,worcester state college,3,42163,40496,1.584598616957306,26608,57,0.611341697697033,5.074,8.436,0.6014698909435752,scalar
250k,mutated,95,train,time for kids,3,159638,141381,5.999624173180998,26608,57,0.7590235407609717,20.982,24.802,0.8459801628900895,scalar
250k,mutated,91,train,world bank president,3,46162,44163,1.7348917618761275,26608,57,0.6685802174949093,8.18,12.143,0.673639133657251,scalar
250k,mutated,291,train,health literacy,2,5690,5676,0.21384546001202645,26608,57,0.8836555360281195,0.977,1.677,0.5825879546809779,scalar
250k,mutated,75,train,merry christmas,2,1659,1658,0.06234966927239928,26608,57,0.8806509945750453,0.259,0.478,0.5418410041841004,scalar
250k,mutated,46,heldout,university of washington,3,243854,217902,9.16468731208659,26608,57,0.8722965380924652,28.665,29.622,0.9676929309297144,scalar
250k,mutated,101,train,hotel del coronado,3,4747,4725,0.17840499098015633,26608,57,0.5241204971560985,0.667,1.436,0.4644846796657382,scalar
250k,mutated,241,train,interracial love,2,5701,5699,0.21425886951292844,26608,57,0.9905279775477986,0.781,1.66,0.4704819277108434,scalar
250k,mutated,276,train,the preakness,2,232601,232555,8.74176939266386,26608,57,0.9997807404095426,29.519,30.296,0.9743530499075785,scalar
250k,mutated,187,train,the oregonian newspaper,3,235729,232844,8.859328021647626,26608,57,0.9865141751757315,32.263,32.61,0.9893590923029745,scalar
250k,mutated,132,train,sesame street,2,7283,7280,0.2737146722790138,26608,57,0.9891528216394343,1.311,2.483,0.5279903342730567,scalar
250k,mutated,186,heldout,bismarck state college,3,41976,40338,1.5775706554419724,26608,57,0.614065180102916,7.346,10.118,0.7260328128088555,scalar
250k,mutated,52,train,jesus as a child,4,344337,237662,12.941107937462418,26608,57,0.6422603437911116,30.851,31.018,0.9946160294022824,scalar
250k,mutated,22,train,stone mountain,2,8186,8121,0.3076518340348767,26608,57,0.5450769606645492,1.583,2.863,0.55291652113168,scalar
250k,mutated,246,train,city in iran,3,247205,224986,9.290626879134095,26608,57,0.8961186060152505,29.672,30.199,0.9825490910295043,scalar
250k,mutated,11,train,the english restoration,3,246339,233818,9.258080276608538,26608,57,0.9440242917280658,33.067,33.247,0.9945859776821969,scalar
250k,mutated,87,train,ancient egypt,2,4944,4925,0.18580877931449188,26608,57,0.7162216828478964,0.734,1.574,0.4663278271918678,scalar
250k,mutated,93,heldout,clothing optional,2,1253,1253,0.047091100420926034,26608,57,0.7446129289704708,0.211,0.399,0.5288220551378445,scalar
250k,mutated,214,train,avon school,2,22953,22936,0.8626352976548407,26608,57,0.9915915130919706,3.914,5.218,0.7500958221540821,scalar
250k,mutated,194,train,robert fuller,2,6677,6669,0.25093956704750453,26608,57,0.957166392092257,0.883,1.783,0.4952327537857544,scalar
250k,mutated,277,train,blue ridge parkway,3,6221,6192,0.23380186410102224,26608,57,0.760488667416814,0.789,1.669,0.4727381665668065,scalar
250k,mutated,109,train,portrait studio,2,6529,6508,0.2453773301262778,26608,57,0.8497472813600858,0.8,1.702,0.47003525264394835,scalar
250k,mutated,110,train,calvin klein,2,484,483,0.01819001803968731,26608,57,0.5227272727272727,0.089,0.171,0.5204678362573099,scalar
250k,mutated,270,heldout,human trafficking,2,6073,6068,0.22823962717979554,26608,57,0.9645973983204347,0.846,1.576,0.5368020304568527,scalar
250k,mutated,266,train,edith head,2,12328,12316,0.4633193024654239,26608,57,0.9789097988319273,1.479,2.995,0.4938230383973289,scalar
250k,mutated,282,heldout,chicago public schools,3,24676,24013,0.9273902585688515,26608,57,0.5927621980872102,3.359,6.709,0.5006707407959458,scalar
250k,mutated,128,train,seal pictures,2,2848,2842,0.10703547805171378,26608,57,0.7626404494382022,0.386,0.792,0.48737373737373735,scalar
250k,mutated,240,train,robert reed,2,7023,7007,0.26394317498496694,26608,57,0.9100099672504628,0.882,1.829,0.4822307271733188,scalar
250k,mutated,256,heldout,eastern mennonite university,3,33935,33074,1.2753683102826219,26608,57,0.7424193310741123,5.673,8.347,0.6796453815742183,scalar
250k,mutated,148,train,graduate management admission test,4,11419,11246,0.42915664461815994,26608,57,0.4229792451177862,1.512,2.869,0.5270128964796096,scalar
250k,mutated,113,train,adobe buildings,2,4744,4741,0.1782922429344558,26608,57,0.9694350758853288,0.729,1.429,0.510146955913226,scalar
250k,mutated,70,train,montgomery college,2,16649,16612,0.6257140709561034,26608,57,0.9642621178449156,2.568,4.155,0.6180505415162455,scalar
250k,mutated,51,train,intramuscular injections,2,55,55,0.002067047504509922,26608,57,0.7090909090909091,0.029,0.038,0.7631578947368421,scalar
250k,mutated,280,train,air mattress,2,8987,8986,0.3377555622369212,26608,57,0.996216757538667,1.14,2.077,0.5488685604236879,scalar
250k,mutated,174,train,all funds,2,41443,41147,1.5575390859891762,26608,57,0.9538160847428999,5.433,9.05,0.6003314917127072,scalar
250k,mutated,16,train,milwaukee newspaper,2,3777,3769,0.14194978953698137,26608,57,0.8321419115700291,0.497,1.026,0.4844054580896686,scalar
250k,mutated,271,heldout,new england aquarium,3,55854,54055,2.099143114852676,26608,57,0.8218569842804454,7.462,10.913,0.6837716484926234,scalar
250k,mutated,7,heldout,borders books,2,7038,7008,0.26450691521346964,26608,57,0.8053424268258028,0.884,1.825,0.4843835616438356,scalar
250k,mutated,64,train,chicago bulls,2,4334,4328,0.16288334335538185,26608,57,0.9173973234886941,0.554,1.139,0.48639157155399476,scalar
250k,mutated,255,heldout,national security cutter,3,36534,36086,1.3730457005411907,26608,57,0.9052936990200908,5.15,8.066,0.6384825192164642,scalar
250k,mutated,248,heldout,becoming a widow,3,227885,222072,8.56452946482261,26608,57,0.9704631722140553,30.534,31.786,0.9606115900081796,scalar
250k,mutated,116,train,mid continent airport,3,9310,9236,0.3498947684906795,26608,57,0.7112781954887218,1.566,2.58,0.6069767441860465,scalar
250k,mutated,80,train,columbia university,2,27981,27708,1.0516010222489476,26608,57,0.9003966977591937,3.295,6.65,0.49548872180451126,scalar
250k,mutated,76,train,flow meter,2,2216,2212,0.08328322309079976,26608,57,0.7129963898916968,0.322,0.63,0.5111111111111111,scalar
250k,mutated,279,train,canon powershot,2,660,660,0.02480457005411906,26608,57,0.996969696969697,0.105,0.219,0.4794520547945205,scalar
250k,mutated,159,train,jefferson davis high school,4,47385,45014,1.780855381840048,26608,57,0.4803207766170729,5.587,8.46,0.660401891252955,scalar
250k,mutated,122,train,john donne,2,15933,15931,0.5988048707155743,26608,57,0.9982426410594364,1.792,3.759,0.4767225325884544,scalar
250k,mutated,217,train,kansas city kings,3,27199,26925,1.0222113650030067,26608,57,0.896613846097283,5.123,7.892,0.6491383679675621,scalar
250k,mutated,55,heldout,state of louisiana,3,239627,217264,9.005825315694528,26608,57,0.8876837752006244,30.439,31.312,0.9721193152784875,scalar
250k,mutated,61,train,sore muscles,2,337,336,0.012665363800360794,26608,57,0.7804154302670623,0.069,0.126,0.5476190476190477,scalar
250k,mutated,231,heldout,ugly people,2,18457,18441,0.6936635598316296,26608,57,0.9875927832258764,2.506,5.841,0.42903612395137813,scalar
250k,mutated,141,train,aishwarya rai,2,208,208,0.007817197835237523,26608,57,0.8990384615384616,0.058,0.103,0.5631067961165049,scalar
250k,mutated,288,train,power rangers ninja storm,4,9558,9492,0.35921527360192423,26608,57,0.7763130362000419,1.556,2.723,0.5714285714285715,scalar
250k,mutated,161,heldout,chicken noodle soup,3,605,605,0.02273752254960914,26608,57,0.6330578512396694,0.104,0.195,0.5333333333333333,scalar
250k,mutated,30,heldout,graffiti art,2,7928,7923,0.2979555021046302,26608,57,0.9785570131180625,1.471,2.599,0.565986918045402,scalar
250k,mutated,181,heldout,care a lot,3,226975,221946,8.530329224293446,26608,57,0.9743540037449058,32.083,32.493,0.9873818976394915,scalar
250k,mutated,166,train,home loan,2,19444,19324,0.7307576668671076,26608,57,0.9112322567372968,3.341,5.805,0.5755383290267012,scalar
250k,mutated,27,train,texas state legislature,3,31409,30818,1.1804344558027662,26608,57,0.8206564997293769,5.697,8.557,0.6657707140352928,scalar
250k,mutated,199,train,roundabout theatre,2,3486,3485,0.13101322910402885,26608,57,0.9667240390131956,0.528,1.115,0.473542600896861,scalar
250k,mutated,123,train,evening wear,2,2833,2826,0.10647173782321107,26608,57,0.6357218496293682,0.561,1.092,0.5137362637362638,scalar
250k,mutated,151,train,bankruptcy laws,2,2317,2314,0.08707907396271798,26608,57,0.8239102287440656,0.557,1.037,0.5371263259402123,scalar
250k,mutated,177,train,edith wharton,2,370,370,0.013905592303066747,26608,57,0.7027027027027027,0.108,0.193,0.5595854922279793,scalar
250k,mutated,130,train,hurricane wilma,2,526,525,0.019768490679494887,26608,57,0.9239543726235742,0.114,0.225,0.5066666666666667,scalar
250k,mutated,44,train,third trimester,2,15871,15870,0.596474744437763,26608,57,0.9987398399596749,3.066,4.442,0.6902296262944619,scalar
250k,mutated,114,train,national book award,3,51804,49088,1.9469332531569452,26608,57,0.6384449077291329,9.573,12.616,0.7587983512999367,scalar
250k,mutated,14,heldout,color combinations,2,3009,3005,0.11308628983764281,26608,57,0.9056164838816883,0.474,1.065,0.4450704225352113,scalar
250k,mutated,167,train,cherry blossom,2,569,569,0.021384546001202646,26608,57,0.7627416520210897,0.095,0.191,0.4973821989528796,scalar
250k,mutated,67,train,philadelphia phillies,2,2624,2621,0.09861695730607337,26608,57,0.9001524390243902,0.449,0.827,0.542926239419589,scalar
250k,mutated,17,train,robert green ingersoll,3,12292,12144,0.4619663259170174,26608,57,0.5199316628701595,2.079,3.791,0.5484041150092325,scalar
250k,mutated,250,train,centerville high school,3,45151,43160,1.696895670475045,26608,57,0.5040862882328188,7.368,11.27,0.65377107364685,scalar
250k,mutated,50,heldout,kasota stone,2,3727,3727,0.14007065544197234,26608,57,0.9991950630533941,0.618,1.234,0.5008103727714749,scalar
250k,mutated,295,train,united states constitution,3,51818,49081,1.9474594107035479,26608,57,0.5145316299355437,6.438,9.614,0.6696484293738297,scalar
250k,mutated,142,heldout,trendy clothes,2,663,663,0.024917318099819605,26608,57,0.951734539969834,0.113,0.234,0.4829059829059829,scalar
250k,mutated,73,heldout,tallest trees in the world,5,488037,253442,18.34173932651834,26608,57,0.47650075711472695,36.096,37.101,0.9729117813536022,scalar
250k,mutated,143,train,weather underground,2,3298,3287,0.12394768490679495,26608,57,0.5030321406913281,0.603,1.033,0.5837366892545983,scalar
250k,mutated,171,heldout,wildlife photography,2,2161,2157,0.08121617558628984,26608,57,0.5488199907450254,0.399,0.77,0.5181818181818182,scalar
250k,mutated,34,train,region iv,2,13158,13085,0.49451292844257366,26608,57,0.875968992248062,2.197,3.864,0.5685817805383023,scalar
250k,mutated,251,train,foam mattress,2,157,157,0.005900481058328322,26608,57,0.7834394904458599,0.056,0.082,0.6829268292682926,scalar
250k,mutated,104,train,kenosha wisconsin,2,1664,1664,0.06253758268190018,26608,57,0.9849759615384616,0.246,0.521,0.4721689059500959,scalar
250k,mutated,210,train,playa del rey,3,2826,2822,0.1062086590499098,26608,57,0.8803963198867657,0.46,0.905,0.5082872928176796,scalar
250k,mutated,176,train,john klein,2,16158,16142,0.6072609741431149,26608,57,0.9843421215496967,3.547,4.823,0.7354343769438109,scalar
250k,mutated,115,train,back surgery,2,17836,17769,0.6703247143716176,26608,57,0.9423637586902893,3.905,5.549,0.7037304018742115,scalar
250k,mutated,28,train,spiritual warfare,2,2025,2021,0.0761049308478653,26608,57,0.6,0.363,0.789,0.4600760456273764,scalar
250k,mutated,175,heldout,zion national park,3,41928,40779,1.5757666867107636,26608,57,0.788828467849647,7.856,11.503,0.6829522733200034,scalar
250k,mutated,53,train,montessori schools,2,6110,6109,0.22963018641010222,26608,57,0.9939443535188216,0.854,1.827,0.4674329501915709,scalar
250k,mutated,20,heldout,who dares wins,3,60205,59512,2.2626653638003607,26608,57,0.9483431608670376,11.215,14.952,0.7500668806848582,scalar
250k,mutated,163,train,microsoft frontpage,2,544,544,0.020444978953698137,26608,57,0.9834558823529411,0.098,0.187,0.5240641711229946,scalar
250k,mutated,219,train,ron keel,2,1009,1009,0.03792092603728202,26608,57,0.8245787908820614,0.146,0.33,0.4424242424242424,scalar
250k,mutated,139,heldout,books on cd,3,127303,123530,4.784388153938665,26608,57,0.9367886067099754,19.672,22.92,0.8582897033158813,scalar
250k,mutated,145,train,analog computer,2,2855,2852,0.10729855682501503,26608,57,0.9057793345008757,0.443,0.905,0.4895027624309392,scalar
250k,mutated,247,train,corpus christi tx,3,582,583,0.02187312086590499,26608,57,0.5326460481099656,0.105,0.181,0.580110497237569,scalar
250k,mutated,234,train,internet fraud,2,2341,2337,0.08798105832832231,26608,57,0.8154634771465186,0.369,0.755,0.48874172185430464,scalar
250k,mutated,264,train,perfume bottles,2,310,309,0.011650631389055923,26608,57,0.7774193548387097,0.07,0.12,0.5833333333333334,scalar
250k,mutated,83,train,international baseball,2,20021,19811,0.7524428743235118,26608,57,0.8398181908995555,4.328,6.805,0.6360029390154299,scalar
250k,mutated,272,train,the book of life,4,478450,252715,17.98143415514131,26608,57,0.48604869892360747,35.415,36.372,0.9736885516331244,scalar
250k,mutated,185,train,david koresh,2,6281,6281,0.23605682501503308,26608,57,0.9995223690495144,1.038,2.059,0.5041282175813502,scalar
250k,mutated,273,train,rolex watches,2,292,292,0.010974143114852676,26608,57,0.8698630136986302,0.067,0.117,0.5726495726495726,scalar
250k,mutated,90,train,good luck,2,8171,8156,0.30708809380637403,26608,57,0.9424795006731123,1.344,2.437,0.5514977431267953,scalar
250k,mutated,299,heldout,google satellite,2,1420,1419,0.05336740829825616,26608,57,0.7295774647887324,0.253,0.502,0.5039840637450199,scalar
250k,mutated,164,train,camp claiborne,2,2869,2868,0.10782471437161756,26608,57,0.9811781108400139,0.471,0.942,0.5,scalar
250k,mutated,149,heldout,big boss man,3,15995,15741,0.6011349969933855,26608,57,0.6038762113160363,2.78,5.287,0.5258180442595044,scalar
250k,mutated,293,train,jamie murray,2,1245,1244,0.046790438965724594,26608,57,0.6859437751004016,0.2,0.408,0.4901960784313726,scalar
250k,mutated,206,train,tennis elbow,2,1483,1483,0.05573511725796753,26608,57,0.9076196898179366,0.237,0.493,0.48073022312373226,scalar
250k,mutated,190,train,kristanna loken,2,5,4,0.000187913409500902,26608,57,0.8,0.022,0.027,0.8148148148148148,scalar
250k,mutated,287,heldout,central community college,3,41314,39152,1.5526909200240528,26608,57,0.38858498329863966,8.305,11.969,0.6938758459353329,scalar
250k,mutated,237,heldout,university of akron,3,238044,217013,8.946331930246542,26608,57,0.8935868999008587,30.336,31.279,0.9698519773650053,scalar
250k,mutated,58,train,lord of the rings,4,448727,252262,16.86436410102225,26608,57,0.518243831995846,31.518,32.351,0.9742511823436679,scalar
250k,mutated,226,train,hsbc bank,2,4081,4081,0.1533749248346362,26608,57,0.9926488605733889,0.58,1.255,0.4621513944223108,scalar
250k,mutated,198,heldout,automatic writing,2,5798,5781,0.21790438965724593,26608,57,0.8461538461538461,1.1,2.123,0.5181347150259067,scalar
250k,mutated,6,train,plus size clothing,3,7431,7375,0.2792769092002405,26608,57,0.625218678508949,1.471,2.594,0.5670778720123362,scalar
250k,mutated,39,heldout,most improved player,3,47585,45571,1.7883719182200841,26608,57,0.67847010612588,15.914,22.323,0.7128970120503516,scalar
250k,mutated,69,train,naomi wallace,2,673,673,0.025293144918821408,26608,57,0.799405646359584,0.107,0.242,0.44214876033057854,scalar
250k,mutated,221,train,open source software,3,15234,14988,0.5725345760673481,26608,57,0.5986608901142182,2.347,4.491,0.522600757069695,scalar
250k,mutated,68,heldout,trans siberian orchestra,3,2148,2144,0.0807276007215875,26608,57,0.6750465549348231,0.341,0.645,0.5286821705426357,scalar
250k,mutated,152,train,antonio cromartie,2,1679,1679,0.06310132291040288,26608,57,0.9964264443120905,0.315,0.546,0.5769230769230769,scalar
250k,mutated,259,train,rob halford,2,717,716,0.026946782922429344,26608,57,0.9623430962343096,0.14,0.254,0.5511811023622047,scalar
250k,mutated,134,train,jaguar x type,3,9836,9748,0.3696632591701744,26608,57,0.6437576250508337,1.846,2.796,0.6602288984263234,scalar
250k,mutated,229,train,the progressive,2,233899,232675,8.790551713770295,26608,57,0.9942325533670516,29.51,30.611,0.9640325373231845,scalar
250k,mutated,89,heldout,york photo,2,13264,13226,0.4984966927239928,26608,57,0.9404402895054282,1.766,3.149,0.5608129564941251,scalar
250k,mutated,31,train,texas death row,3,19369,19050,0.7279389657245942,26608,57,0.7166606432959884,2.192,4.674,0.4689773213521609,scalar
250k,mutated,47,train,japan airlines,2,7655,7642,0.28769542994588093,26608,57,0.9416067929457871,0.87,1.835,0.47411444141689374,scalar
250k,mutated,242,heldout,round table,2,10137,10062,0.38097564642212867,26608,57,0.7532800631350498,1.2,2.556,0.4694835680751173,scalar
250k,mutated,283,train,george r brown convention center,5,34282,32566,1.2884095009019845,26608,57,0.2752464850358789,4.652,8.403,0.5536118053076282,scalar
250k,mutated,41,heldout,mercury insurance,2,1523,1521,0.05723842453397474,26608,57,0.7209455022980958,0.204,0.423,0.48226950354609927,scalar
250k,mutated,60,train,long legs,2,19182,19078,0.7209110042092604,26608,57,0.9215410280471276,2.181,4.652,0.46883061049011177,scalar
250k,mutated,138,heldout,little brown jug,3,14920,14707,0.5607336139506915,26608,57,0.5850536193029491,1.745,3.444,0.506678281068525,scalar
250k,mutated,201,train,the garden of eden,4,447630,252245,16.82313589897775,26608,57,0.5195138842347474,34.136,35.737,0.9552004924867784,scalar
250k,mutated,296,heldout,niceville high school,3,45126,43139,1.6959561034275406,26608,57,0.5043655542259451,7.324,9.612,0.7619642114024137,scalar
250k,mutated,117,train,developmental delays,2,666,666,0.025030066145520145,26608,57,0.509009009009009,0.122,0.233,0.5236051502145922,scalar
250k,mutated,33,train,interest only,2,42514,41746,1.5977901383042694,26608,57,0.8755704003387119,8.031,11.085,0.7244925575101488,scalar
250k,mutated,1,train,the,1,232550,232550,8.73985267588695,26608,57,1.0,28.003,29.644,0.9446430980974228,scalar
250k,mutated,3,train,bowel obstruction,2,155,155,0.005825315694527961,26608,57,0.6774193548387096,0.042,0.069,0.6086956521739131,scalar
250k,mutated,300,train,laborers international union of north america,6,270202,221728,10.154915814792544,26608,57,0.7872369560550995,30.15,30.546,0.9870359457866823,scalar
250k,mutated,82,train,american south,2,56530,53428,2.124549007817198,26608,57,0.5352379267645498,8.579,11.893,0.7213486925081981,scalar
250k,mutated,48,heldout,freedom tower,2,4764,4742,0.17904389657245942,26608,57,0.551007556675063,0.849,1.683,0.5044563279857397,scalar
250k,mutated,10,train,wisconsin attorney general,3,18471,18264,0.6941897173782321,26608,57,0.8195008391532673,4.828,7.244,0.6664826062948648,scalar
250k,mutated,35,heldout,army reserve,2,11951,11841,0.4491506313890559,26608,57,0.7285582796418709,4.719,6.478,0.7284655757949985,scalar
250k,mutated,106,train,cheap hotels,2,928,928,0.03487672880336741,26608,57,0.6314655172413793,0.158,0.318,0.4968553459119497,scalar
250k,mutated,49,train,virginia usa,2,7611,7555,0.286041791942273,26608,57,0.5397451057679674,1.426,2.556,0.5579029733959311,scalar
250k,mutated,172,train,david kim,2,7044,7026,0.26473241130487074,26608,57,0.8912549687677456,1.253,2.337,0.5361574668378262,scalar
250k,mutated,74,heldout,reading museum,2,7075,7034,0.2658974744437763,26608,57,0.6939929328621908,1.08,2.306,0.4683434518647008,scalar
250k,mutated,121,heldout,bmw engines,2,1288,1287,0.04840649428743235,26608,57,0.8711180124223602,0.2,0.369,0.5420054200542006,scalar
250k,mutated,158,train,little cars,2,10308,10254,0.38740228502705953,26608,57,0.8468180054326736,1.771,2.889,0.6130148840429215,scalar
250k,mutated,12,train,freelance work,2,20692,20661,0.7776608538785328,26608,57,0.9811038082350667,4.054,6.378,0.6356224521793666,scalar
250k,mutated,162,train,music stands,2,14962,14842,0.5623120865904991,26608,57,0.8347146103462104,2.116,4.42,0.47873303167420816,scalar
250k,mutated,125,heldout,critical care nurse,3,7267,7209,0.2731133493686109,26608,57,0.4824549332599422,1.136,2.101,0.5406949071870537,scalar
250k,mutated,207,heldout,kidney transplant,2,376,376,0.01413108839446783,26608,57,0.6941489361702128,0.067,0.124,0.5403225806451614,scalar
250k,mutated,265,heldout,old photos,2,15139,15105,0.568964221286831,26608,57,0.9603672633595349,1.902,3.936,0.48323170731707316,scalar
250k,mutated,188,train,justin timberlake,2,512,511,0.019242333132892364,26608,57,0.943359375,0.086,0.168,0.5119047619047619,scalar
250k,mutated,236,train,new jersey police,3,52658,51415,1.9790288634996993,26608,57,0.8717383873295605,8.171,11.753,0.6952267506168637,scalar
250k,mutated,228,train,mushroom kingdom,2,6108,6105,0.22955502104630188,26608,57,0.9757694826457105,0.739,1.561,0.4734144778987828,scalar
250k,mutated,21,train,west palm beach florida,4,25117,24598,0.943964221286831,26608,57,0.7406935541665007,2.81,5.97,0.47068676716917923,scalar
250k,mutated,100,train,fatherless children,2,11356,11355,0.4267889356584486,26608,57,0.9991194082423388,1.286,2.778,0.462922966162707,scalar
250k,mutated,99,heldout,st petersburg high school,4,62691,57702,2.3560959110042092,26608,57,0.36305051761815893,7.58,10.933,0.6933138205433093,scalar
250k,mutated,298,train,true religion,2,5098,5075,0.19159651232711966,26608,57,0.6453511180855237,0.648,1.307,0.4957918898240245,scalar
250k,mutated,196,train,bass fishing,2,2933,2925,0.1102300060132291,26608,57,0.5288100920559154,0.387,0.784,0.49362244897959184,scalar
250k,mutated,203,heldout,the daily breeze,3,236050,232873,8.871392062537582,26608,57,0.9851726329167549,30.589,30.629,0.9986940481243265,scalar
250k,mutated,292,train,david thornton,2,6466,6462,0.24300962116656644,26608,57,0.970924837612125,1.001,2.148,0.46601489757914333,scalar
250k,mutated,71,heldout,belcourt castle,2,2411,2411,0.09061184606133493,26608,57,0.9983409373703858,0.418,0.825,0.5066666666666667,scalar
250k,mutated,32,train,catholic answers,2,4772,4765,0.17934455802766086,26608,57,0.9168063704945516,0.863,1.534,0.5625814863102998,scalar
250k,mutated,88,train,american academy of child and adolescent psychiatry,7,442549,246540,16.632178292242934,26608,57,0.4806541196568064,34.795,34.999,0.9941712620360581,scalar
250k,mutated,94,train,xena warrior princess,3,1609,1606,0.06047053517739026,26608,57,0.6873834679925419,0.227,0.456,0.49780701754385964,scalar
250k,mutated,105,train,false prophets,2,1140,1139,0.04284425736620565,26608,57,0.9140350877192982,0.15,0.314,0.47770700636942676,scalar
250k,mutated,253,train,farmers almanac,2,1193,1193,0.044836139506915215,26608,57,0.9555741827326069,0.176,0.362,0.4861878453038674,scalar
250k,mutated,284,heldout,warren county,2,18428,18372,0.6925736620565244,26608,57,0.9552311699587585,2.651,3.88,0.6832474226804124,scalar
250k,mutated,294,train,boulder city nevada,3,25380,25285,0.9538484666265785,26608,57,0.9608747044917257,3.362,5.55,0.6057657657657658,scalar
250k,mutated,137,train,dexter michigan,2,2387,2385,0.08970986169573061,26608,57,0.870548806032677,0.303,0.684,0.4429824561403508,scalar
250k,mutated,29,train,georgia public broadcasting,3,18973,18707,0.7130562236921226,26608,57,0.7709376482369683,2.145,4.374,0.49039780521262005,scalar
250k,mutated,223,heldout,los angeles daily news,4,16426,16037,0.6173331328923632,26608,57,0.2910020698892,1.549,3.094,0.5006464124111183,scalar
250k,mutated,18,train,omaha symphony,2,986,985,0.03705652435357787,26608,57,0.6774847870182555,0.139,0.284,0.48943661971830993,scalar
250k,mutated,65,train,child support,2,13501,13345,0.5074037883343355,26608,57,0.676172135397378,1.503,3.175,0.47338582677165353,scalar
250k,mutated,261,train,medal of honor,3,221449,214184,8.32264732411305,26608,57,0.9605507362869103,28.731,29.198,0.9840057538187548,scalar
250k,mutated,275,train,general motors,2,15538,15515,0.583959711365003,26608,57,0.9741923027416656,2.396,5.165,0.46389157792836394,scalar
250k,mutated,238,train,the news journal,3,240298,233261,9.03104329524955,26608,57,0.9677567020948988,33.508,33.21,1.0089732008431196,scalar
250k,mutated,289,heldout,movie theatres,2,3850,3845,0.14469332531569454,26608,57,0.8903896103896104,0.739,1.398,0.5286123032904149,scalar
250k,mutated,218,heldout,new haven,2,46580,46458,1.750601322910403,26608,57,0.9854873336195792,8.157,11.24,0.725711743772242,scalar
250k,mutated,286,train,david lee roth,3,8937,8871,0.3358764281419122,26608,57,0.7024728656148596,1.141,2.305,0.4950108459869848,scalar
250k,mutated,258,heldout,usb hub,2,624,624,0.02345159350571257,26608,57,0.8413461538461539,0.102,0.198,0.5151515151515151,scalar
250k,mutated,281,train,pocket pc,2,1153,1152,0.043332832230907996,26608,57,0.5299219427580225,0.163,0.336,0.4851190476190476,scalar
250k,mutated,15,heldout,italian translation,2,7001,6971,0.26311635598316296,26608,57,0.8038851592629624,1.048,2.097,0.49976156413924655,scalar
250k,mutated,102,heldout,law dictionary,2,9415,9401,0.35384095009019845,26608,57,0.9554965480616038,1.57,2.539,0.6183536825521859,scalar
250k,mutated,208,heldout,us coast guard,3,17092,16747,0.6423631990378833,26608,57,0.4813948045869413,2.426,5.697,0.42583816043531686,scalar
250k,mutated,36,train,chicken coop,2,451,451,0.01694978953698136,26608,57,0.8492239467849224,0.089,0.179,0.4972067039106145,scalar
250k,mutated,147,heldout,food carts,2,4217,4215,0.15848616957306072,26608,57,0.9798434906331516,0.721,1.39,0.5187050359712231,scalar
250k,mutated,184,heldout,personal chef,2,8699,8690,0.3269317498496693,26608,57,0.9681572594551098,1.452,2.687,0.5403796055080015,scalar
250k,mutated,37,train,people having sex,3,32018,30966,1.2033223090799758,26608,57,0.5693047660690861,4.975,8.292,0.5999758803666184,scalar
250k,mutated,168,train,miami dade college,3,17382,17298,0.6532621767889356,26608,57,0.9235991255321597,3.445,4.716,0.7304919423240033,scalar
250k,mutated,170,train,naked news,2,5326,5316,0.2001653638003608,26608,57,0.8974840405557641,0.754,1.59,0.4742138364779874,scalar
250k,mutated,97,heldout,elliott smith,2,3445,3441,0.12947233914612147,26608,57,0.8905660377358491,0.528,0.99,0.5333333333333333,scalar
250k,mutated,179,heldout,milan tennessee,2,2643,2637,0.09933102826217678,26608,57,0.6212637154748392,0.54,0.924,0.5844155844155844,scalar
250k,mutated,195,heldout,zip code,2,2558,2555,0.09613650030066145,26608,57,0.9050039093041439,0.371,0.778,0.4768637532133676,scalar
250k,mutated,81,train,fluid power,2,7883,7869,0.2962642814191221,26608,57,0.9412660154763415,1.33,2.463,0.5399918798213561,scalar
250k,mutated,24,train,ford modeling agency,3,4253,4235,0.15983914612146724,26608,57,0.6327298377615801,0.66,1.319,0.5003790750568613,scalar
250k,mutated,40,train,ear ache,2,597,597,0.022436861094407696,26608,57,0.9581239530988275,0.101,0.185,0.545945945945946,scalar
250k,mutated,98,train,heart disease,2,6137,6103,0.23064491882140709,26608,57,0.6447775786214763,0.946,1.866,0.5069667738478028,scalar
250k,mutated,19,heldout,body painting,2,9240,9184,0.34726398075766685,26608,57,0.787987012987013,1.599,3.111,0.5139826422372227,scalar
250k,mutated,124,train,toxic encephalopathy,2,420,420,0.015784726398075766,26608,57,0.9452380952380952,0.169,0.285,0.5929824561403509,scalar
250k,revacuumed,244,train,akron beacon,2,321,321,0.011770745480547101,27271,15,0.5887850467289719,0.133,0.153,0.869281045751634,scalar
250k,revacuumed,297,train,sleep study,2,6521,6506,0.23911847750357523,27271,15,0.905842662168379,0.399,0.788,0.5063451776649747,scalar
250k,revacuumed,224,heldout,napa auto parts,3,6616,6600,0.2426020314619926,27271,15,0.9026602176541717,0.443,0.838,0.5286396181384249,scalar
250k,revacuumed,140,heldout,carolyn jones,2,2058,2058,0.07546477943603094,27271,15,0.9368318756073858,0.208,0.341,0.6099706744868034,scalar
250k,revacuumed,136,heldout,sarah fisher,2,1464,1462,0.05368339994866342,27271,15,0.6851092896174863,0.187,0.295,0.6338983050847458,scalar
250k,revacuumed,103,train,anderson hospital,2,5053,5036,0.18528840159876792,27271,15,0.7906194339996042,0.323,0.627,0.5151515151515151,scalar
250k,revacuumed,220,train,business consultants,2,8322,8317,0.3051593267573613,27271,15,0.9841384282624369,0.472,0.928,0.5086206896551724,scalar
250k,revacuumed,126,heldout,the breakfast club,3,237925,225883,8.724469216383705,27271,15,0.9442471367027424,7.21,4.68,1.5405982905982907,scalar
250k,revacuumed,156,heldout,padre island,2,8153,8151,0.298962267610282,27271,15,0.9904329694590948,0.439,0.841,0.5219976218787158,scalar
250k,revacuumed,269,train,the british embassy,3,237083,225805,8.693593927615415,27271,15,0.9476006293154718,7.322,4.769,1.5353323547913609,scalar
250k,revacuumed,235,train,tv party,2,14938,14734,0.5477613582193539,27271,15,0.6548400053554693,0.783,1.43,0.5475524475524476,scalar
250k,revacuumed,42,heldout,battle of the bulge,4,435941,243734,15.98551574933079,27271,15,0.5153449664060045,8.607,6.005,1.4333055786844295,scalar
250k,revacuumed,200,heldout,table lamps,2,2617,2615,0.09596274430713946,27271,15,0.9254871990829193,0.225,0.377,0.596816976127321,scalar
250k,revacuumed,205,train,term life insurance,3,30350,29633,1.1129038172417587,27271,15,0.7536079077429984,1.462,2.408,0.6071428571428571,scalar
250k,revacuumed,150,train,gun magazines,2,3233,3223,0.11855084155329837,27271,15,0.6384163315805753,0.288,0.504,0.5714285714285714,scalar
250k,revacuumed,213,heldout,too faced,2,7431,7385,0.27248725752631,27271,15,0.7106715112367111,0.432,0.841,0.5136741973840666,scalar
250k,revacuumed,209,train,car stereo,2,3576,3573,0.13112830479263687,27271,15,0.9432326621923938,0.265,0.49,0.5408163265306123,scalar
250k,revacuumed,211,train,domain names,2,5216,5197,0.1912654468116314,27271,15,0.7887269938650306,0.346,0.658,0.5258358662613981,scalar
250k,revacuumed,133,train,ellen degeneres show,3,9762,9745,0.3579626709691614,27271,15,0.9524687564023766,1.301,1.274,1.021193092621664,scalar
250k,revacuumed,182,train,costume designers,2,850,849,0.031168640680576436,27271,15,0.5235294117647059,0.376,0.557,0.6750448833034111,scalar
250k,revacuumed,245,heldout,john wellington,2,15992,15952,0.5864104726632686,27271,15,0.9607928964482241,0.818,1.565,0.5226837060702876,scalar
250k,revacuumed,227,train,cognitive impairment,2,408,408,0.014960947526676689,27271,15,0.6813725490196079,0.139,0.163,0.8527607361963191,scalar
250k,revacuumed,230,heldout,mood swings,2,458,458,0.016794396978475304,27271,15,0.7096069868995634,0.138,0.164,0.8414634146341464,scalar
250k,revacuumed,43,train,secretary of state,3,234666,210380,8.60496498111547,27271,15,0.8757169764686832,7.047,5.077,1.3880244238723656,scalar
250k,revacuumed,4,train,vicenza italy,2,4694,4693,0.17212423453485387,27271,15,0.9874307626757562,0.31,0.587,0.5281090289608178,scalar
250k,revacuumed,25,train,glass works,2,11554,11489,0.4236734993216237,27271,15,0.8597022676129479,0.64,1.228,0.5211726384364821,scalar
250k,revacuumed,119,train,canadian real estate,3,13250,13023,0.48586410472663266,27271,15,0.4100377358490566,0.759,1.373,0.5528040786598689,scalar
250k,revacuumed,111,train,kitchen accessories,2,957,955,0.03509222250742547,27271,15,0.7648902821316614,0.158,0.223,0.7085201793721974,scalar
250k,revacuumed,79,train,prayer times,2,13044,13009,0.4783102929852224,27271,15,0.9454155167126648,0.681,1.316,0.5174772036474165,scalar
250k,revacuumed,84,train,ace frehley,2,387,386,0.01419089875692127,27271,15,0.9767441860465116,0.135,0.158,0.8544303797468354,scalar
250k,revacuumed,254,train,civil war battlefields,3,24347,23901,0.892779876058817,27271,15,0.7528237565203105,1.148,2.035,0.564127764127764,scalar
250k,revacuumed,108,train,missy elliott,2,400,400,0.014667595614388912,27271,15,0.9225,0.129,0.154,0.8376623376623377,scalar
250k,revacuumed,72,train,binghamton new york,3,56463,54288,2.0704411279381025,27271,15,0.7853461558896977,2.152,3.089,0.6966655875687925,scalar
250k,revacuumed,135,train,the movement,2,229484,225105,8.414946279931062,27271,15,0.9789789266354081,6.669,4.335,1.5384083044982697,scalar
250k,revacuumed,180,heldout,western herald,2,12841,12813,0.47086648821092003,27271,15,0.9570126937154427,0.662,1.243,0.5325824617860015,scalar
250k,revacuumed,57,train,cured of cancer,3,207351,205815,7.603351545597888,27271,15,0.9910779306586416,6.96,4.75,1.4652631578947368,scalar
250k,revacuumed,232,heldout,little shop of horrors,4,215596,207205,7.9056873601994795,27271,15,0.9531763112488172,7.284,4.844,1.5037159372419486,scalar
250k,revacuumed,260,train,new york towns,3,58698,56033,2.152396318433501,27271,15,0.755443115608709,2.233,3.262,0.684549356223176,scalar
250k,revacuumed,178,heldout,times union,2,20941,20513,0.7678852994022954,27271,15,0.5888926030275536,1.087,1.889,0.575436739015352,scalar
250k,revacuumed,285,train,animal rights,2,6110,6077,0.2240475230097906,27271,15,0.6797054009819967,0.39,0.756,0.5158730158730159,scalar
250k,revacuumed,249,train,king kalakaua,2,7074,7074,0.2593964284404679,27271,15,0.9997172745264349,0.42,0.832,0.5048076923076923,scalar
250k,revacuumed,268,train,bladder tumor,2,278,278,0.010193978952000294,27271,15,0.6726618705035972,0.132,0.149,0.8859060402684564,scalar
250k,revacuumed,127,train,lost episode,2,11099,11011,0.40698910931025634,27271,15,0.7742138931435264,0.658,1.171,0.5619128949615713,scalar
250k,revacuumed,262,train,hot springs south dakota,4,30296,29767,1.1109236918338161,27271,15,0.8380314232902033,1.507,2.384,0.6321308724832214,scalar
250k,revacuumed,302,train,a search engine is an information retrieval software system designed to help find information stored on one or more computer systems,20,974859,247164,35.7470939826189,27271,15,0.21916810533625888,24.059,14.279,1.6849219132992508,scalar
250k,revacuumed,112,train,consumer affairs,2,3746,3738,0.13736203292875215,27271,15,0.8115323011211959,0.28,0.512,0.546875,scalar
250k,revacuumed,8,train,american funds,2,31083,30866,1.1397821862051263,27271,15,0.9408358266576585,1.397,2.253,0.6200621393697292,scalar
250k,revacuumed,62,heldout,connecticut post,2,11005,10959,0.40354222434087494,27271,15,0.8932303498409814,0.591,1.154,0.5121317157712305,scalar
250k,revacuumed,26,heldout,personal loan,2,9851,9795,0.36122621099336294,27271,15,0.8283423002740838,0.529,1.045,0.50622009569378,scalar
250k,revacuumed,278,train,elizabeth vargas,2,2336,2334,0.08565875838803125,27271,15,0.9353595890410958,0.215,0.37,0.581081081081081,scalar
250k,revacuumed,165,train,william wallace,2,8704,8687,0.3191668805691027,27271,15,0.9400275735294118,0.425,0.942,0.45116772823779194,scalar
250k,revacuumed,13,train,french culinary institute,3,16885,16616,0.619155879872392,27271,15,0.6365413088540124,1.025,1.755,0.584045584045584,scalar
250k,revacuumed,301,train,to be or not to be,4,309551,203327,11.350922225074255,27271,15,0.5202890638376229,7.794,6.017,1.2953298986205748,scalar
250k,revacuumed,267,heldout,danube river,2,13846,13835,0.5077188221920722,27271,15,0.9854109490105446,0.689,1.299,0.5304080061585835,scalar
250k,revacuumed,120,train,barrett jackson,2,1734,1732,0.06358402698837592,27271,15,0.8944636678200693,0.19,0.307,0.6188925081433225,scalar
250k,revacuumed,154,train,phone cases,2,3922,3910,0.14381577499908327,27271,15,0.75395206527282,0.262,0.523,0.5009560229445507,scalar
250k,revacuumed,155,train,the incredibles,2,224667,224661,8.238311759744784,27271,15,0.9999688427761977,6.103,4.092,1.491446725317693,scalar
250k,revacuumed,45,train,hempstead new york,3,56429,54262,2.06919438231088,27271,15,0.785819348207482,1.855,2.841,0.6529391059486096,scalar
250k,revacuumed,192,train,connecticut historical society,3,13422,13223,0.4921711708408199,27271,15,0.5744300402324541,0.65,1.285,0.5058365758754865,scalar
250k,revacuumed,56,heldout,penny stocks,2,464,464,0.01701441091269114,27271,15,0.5280172413793104,0.118,0.148,0.7972972972972973,scalar
250k,revacuumed,160,train,game downloads,2,9038,9033,0.3314143229071175,27271,15,0.9851737109980084,0.435,0.861,0.5052264808362369,scalar
250k,revacuumed,38,train,new york population,3,67791,63135,2.4858274357375967,27271,15,0.6541133778820197,2.233,3.19,0.7000000000000001,scalar
250k,revacuumed,239,train,cartoon network,2,5096,5087,0.18686516812731474,27271,15,0.9095368916797488,0.283,0.569,0.4973637961335677,scalar
250k,revacuumed,173,heldout,printer ink,2,497,497,0.018224487550878223,27271,15,0.5030181086519114,0.127,0.153,0.8300653594771242,scalar
250k,revacuumed,118,train,elise neal,2,312,311,0.011440724579223351,27271,15,0.7756410256410257,0.111,0.131,0.8473282442748091,scalar
250k,revacuumed,197,train,ford parts,2,7097,7070,0.26023981518829525,27271,15,0.8414823164717486,0.373,0.746,0.5,scalar
250k,revacuumed,274,train,water filters,2,9504,9499,0.3485020717978805,27271,15,0.9865319865319865,0.447,0.877,0.5096921322690993,scalar
250k,revacuumed,204,heldout,debra jo rupp,3,746,745,0.02735506582083532,27271,15,0.9048257372654156,0.132,0.176,0.7500000000000001,scalar
250k,revacuumed,85,train,the globe newspaper,3,228449,225009,8.376993876278831,27271,15,0.9834142412529712,7.282,4.586,1.5878761447884866,scalar
250k,revacuumed,131,heldout,john wilkes booth,3,15774,15748,0.5784166330534267,27271,15,0.9740712564980347,0.841,1.607,0.5233354075917859,scalar
250k,revacuumed,5,train,digital scanning,2,2204,2203,0.0808184518352829,27271,15,0.9450998185117967,0.243,0.561,0.4331550802139037,scalar
250k,revacuumed,222,train,ambassador of italy,3,211311,206484,7.748560742180338,27271,15,0.9725049808102749,6.544,4.609,1.4198307658928184,scalar
250k,revacuumed,183,heldout,the actors studio,3,231365,225277,8.483920648307727,27271,15,0.9710198171720009,7.163,4.658,1.5377844568484327,scalar
250k,revacuumed,146,train,pump it up,3,144380,129787,5.294268637013677,27271,15,0.7774553262224685,4.343,4.281,1.014482597523943,scalar
250k,revacuumed,257,train,new york times best sellers list,6,96246,83724,3.529243518756188,27271,15,0.4607256405461006,3.786,4.556,0.83099209833187,scalar
250k,revacuumed,212,train,premier wine,2,3316,3308,0.12159436764328407,27271,15,0.7436670687575392,0.228,0.41,0.5560975609756098,scalar
250k,revacuumed,23,train,san francisco,2,10046,9962,0.3683766638553775,27271,15,0.7116265180171213,0.458,0.903,0.5071982281284607,scalar
250k,revacuumed,78,heldout,georgian architecture,2,3244,3239,0.11895420043269407,27271,15,0.8375462392108508,0.255,0.446,0.5717488789237668,scalar
250k,revacuumed,92,train,jonathan daniel,2,2871,2864,0.10527666752227641,27271,15,0.6924416579588993,0.234,0.417,0.5611510791366907,scalar
250k,revacuumed,144,heldout,mercedes benz,2,336,336,0.012320780316086686,27271,15,0.6994047619047619,0.127,0.146,0.8698630136986302,scalar
250k,revacuumed,191,heldout,chicago teachers union,3,14187,13967,0.5202229474533387,27271,15,0.6068231479523507,0.744,1.421,0.5235749472202674,scalar
250k,revacuumed,216,train,ventura college,2,15629,15621,0.5730996296432107,27271,15,0.9925139164373921,0.687,1.344,0.5111607142857143,scalar
250k,revacuumed,233,train,abilene tx,2,185,185,0.006783762971654872,27271,15,0.7135135135135136,0.111,0.123,0.9024390243902439,scalar
250k,revacuumed,189,train,hawk mountain,2,4658,4651,0.17080415092955886,27271,15,0.9248604551309575,0.27,0.515,0.5242718446601942,scalar
250k,revacuumed,2,train,griffith observatory,2,615,615,0.02255142825712295,27271,15,0.5495934959349593,0.137,0.173,0.7919075144508672,scalar
250k,revacuumed,9,train,scottsdale az,2,350,350,0.012834146162590297,27271,15,0.8628571428571429,0.126,0.148,0.8513513513513514,scalar
250k,revacuumed,215,train,jungle boy,2,2912,2908,0.10678009607275127,27271,15,0.8626373626373627,0.207,0.378,0.5476190476190476,scalar
250k,revacuumed,252,train,music videos,2,13085,13035,0.47981372153569724,27271,15,0.9214367596484524,0.574,1.174,0.4889267461669506,scalar
250k,revacuumed,243,train,low estrogen,2,6158,6156,0.2258076344835173,27271,15,0.9905813575836311,0.322,0.658,0.48936170212765956,scalar
250k,revacuumed,263,train,home business,2,25297,24731,0.9276154156429908,27271,15,0.6762461952010119,1.117,2.001,0.5582208895552224,scalar
250k,revacuumed,129,heldout,critical care medicine,3,8726,8625,0.3199735983278941,27271,15,0.38986935594774236,0.477,0.917,0.520174482006543,scalar
250k,revacuumed,66,train,iq scores,2,818,817,0.029995233031425324,27271,15,0.9327628361858191,0.131,0.177,0.7401129943502825,scalar
250k,revacuumed,63,train,danbury ct,2,214,214,0.007847163653698067,27271,15,0.8598130841121495,0.12,0.137,0.875912408759124,scalar
250k,revacuumed,107,train,walk the line,3,236858,225781,8.685343405082321,27271,15,0.9485007895025711,6.808,4.47,1.5230425055928412,scalar
250k,revacuumed,153,train,sky news,2,5758,5737,0.21114003886912838,27271,15,0.8016672455713789,0.312,0.625,0.4992,scalar
250k,revacuumed,193,train,shih tzu,2,45,45,0.0016501045066187525,27271,15,0.5777777777777777,0.082,0.084,0.9761904761904762,scalar
250k,revacuumed,225,train,law school rankings,3,31164,30334,1.14275237431704,27271,15,0.7056539596970863,1.315,2.253,0.5836662228140257,scalar
250k,revacuumed,202,heldout,immigration to mexico,3,166152,162832,6.092625866304866,27271,15,0.9693292888439501,5.446,4.388,1.2411121239744758,scalar
250k,revacuumed,96,heldout,tom welling,2,2606,2606,0.09555938542774375,27271,15,0.9946277820414429,0.215,0.385,0.5584415584415584,scalar
250k,revacuumed,169,train,time in denver,3,251016,219004,9.204502951853618,27271,15,0.8525552156037862,7.195,4.883,1.473479418390334,scalar
250k,revacuumed,59,train,helen of troy,3,206561,205681,7.57438304425947,27271,15,0.9948683439758715,6.605,4.504,1.466474245115453,scalar
250k,revacuumed,77,train,famous quotes,2,5894,5887,0.21612702137802062,27271,15,0.9511367492365117,0.338,0.64,0.5281250000000001,scalar
250k,revacuumed,86,train,decorative windows,2,2436,2432,0.08932565729162847,27271,15,0.7532840722495895,0.203,0.338,0.6005917159763313,scalar
250k,revacuumed,290,train,canary bird,2,6793,6787,0.24909244252135967,27271,15,0.9642278816428677,0.326,0.414,0.7874396135265701,scalar
250k,revacuumed,54,heldout,oxford dictionary,2,2158,2154,0.07913167833962817,27271,15,0.8104726598702502,0.235,0.409,0.5745721271393643,scalar
250k,revacuumed,157,train,worcester state college,3,40723,39112,1.493271240511899,27271,15,0.6110797338113597,1.602,2.533,0.6324516383734703,scalar
250k,revacuumed,95,train,time for kids,3,154229,136589,5.655421510028969,27271,15,0.7590141931802709,4.256,4.134,1.0295113691340105,scalar
250k,revacuumed,91,train,world bank president,3,44608,42676,1.6357302629166515,27271,15,0.6689158895265424,1.814,2.8,0.6478571428571429,scalar
250k,revacuumed,291,train,health literacy,2,5492,5479,0.20138608778555975,27271,15,0.8832847778587035,0.304,0.598,0.5083612040133779,scalar
250k,revacuumed,75,train,merry christmas,2,1608,1607,0.058963734369843424,27271,15,0.8818407960199005,0.161,0.26,0.6192307692307693,scalar
250k,revacuumed,46,heldout,university of washington,3,235603,210516,8.639323823842176,27271,15,0.872234224521759,6.502,4.661,1.3949796181077023,scalar
250k,revacuumed,101,train,hotel del coronado,3,4611,4589,0.16908070844486817,27271,15,0.5263500325309044,0.309,0.573,0.5392670157068064,scalar
250k,revacuumed,241,train,interracial love,2,5500,5499,0.20167943969784752,27271,15,0.990909090909091,0.298,0.603,0.49419568822553894,scalar
250k,revacuumed,276,train,the preakness,2,224707,224664,8.239778519306222,27271,15,0.999790838736666,6.088,4.07,1.4958230958230958,scalar
250k,revacuumed,187,train,the oregonian newspaper,3,227726,224943,8.350482197205823,27271,15,0.9865364517007281,6.681,4.347,1.5369220151828846,scalar
250k,revacuumed,132,train,sesame street,2,7016,7013,0.2572696270763815,27271,15,0.9893101482326112,0.43,0.869,0.4948216340621404,scalar
250k,revacuumed,186,heldout,bismarck state college,3,40540,38958,1.486560815518316,27271,15,0.6138381845091267,1.841,2.657,0.6928867143394806,scalar
250k,revacuumed,52,train,jesus as a child,4,332670,229599,12.198672582596897,27271,15,0.6422520816424685,8.591,5.594,1.5357525920629242,scalar
250k,revacuumed,22,train,stone mountain,2,7891,7828,0.28935499248285723,27271,15,0.5459384108478013,0.462,0.878,0.5261958997722096,scalar
250k,revacuumed,246,train,city in iran,3,238786,217345,8.756041215943677,27271,15,0.8962208839714221,6.747,4.681,1.4413586840418713,scalar
250k,revacuumed,11,train,the english restoration,3,237980,225884,8.726486010780683,27271,15,0.9440289099924364,7.005,4.543,1.5419326436275589,scalar
250k,revacuumed,87,train,ancient egypt,2,4746,4728,0.17403102196472442,27271,15,0.7176569742941424,0.285,0.549,0.5191256830601092,scalar
250k,revacuumed,93,heldout,clothing optional,2,1197,1196,0.043892779876058816,27271,15,0.7485380116959064,0.16,0.225,0.7111111111111111,scalar
250k,revacuumed,214,train,avon school,2,22173,22157,0.8130614938946134,27271,15,0.9917918188788166,0.93,1.779,0.5227655986509275,scalar
250k,revacuumed,194,train,robert fuller,2,6417,6411,0.2353049026438341,27271,15,0.9582359357955431,0.331,0.678,0.4882005899705015,scalar
250k,revacuumed,277,train,blue ridge parkway,3,5971,5945,0.2189505335337905,27271,15,0.7611790319879417,0.359,0.671,0.5350223546944858,scalar
250k,revacuumed,109,train,portrait studio,2,6275,6255,0.23009790620072604,27271,15,0.8498804780876494,0.348,0.675,0.5155555555555554,scalar
250k,revacuumed,110,train,calvin klein,2,470,469,0.01723442484690697,27271,15,0.5234042553191489,0.126,0.152,0.8289473684210527,scalar
250k,revacuumed,270,heldout,human trafficking,2,5851,5846,0.2145502548494738,27271,15,0.9654759870107674,0.318,0.629,0.505564387917329,scalar
250k,revacuumed,266,train,edith head,2,11921,11909,0.4371310182978255,27271,15,0.9785252915023908,0.548,1.133,0.4836716681376876,scalar
250k,revacuumed,282,heldout,chicago public schools,3,23855,23212,0.8747387334531187,27271,15,0.5921609725424439,1.033,1.856,0.5565732758620688,scalar
250k,revacuumed,128,train,seal pictures,2,2716,2711,0.09959297422170071,27271,15,0.7610456553755522,0.204,0.364,0.5604395604395604,scalar
250k,revacuumed,240,train,robert reed,2,6756,6742,0.2477356899270287,27271,15,0.9101539372409709,0.358,0.715,0.5006993006993007,scalar
250k,revacuumed,256,heldout,eastern mennonite university,3,32815,31981,1.2032928752154304,27271,15,0.7420691756818528,1.473,2.374,0.6204717775905645,scalar
250k,revacuumed,148,train,graduate management admission test,4,11014,10848,0.40387224524219867,27271,15,0.42445977846377336,0.616,1.141,0.5398773006134969,scalar
250k,revacuumed,113,train,adobe buildings,2,4573,4570,0.16768728686150122,27271,15,0.9689481740651651,0.257,0.505,0.5089108910891089,scalar
250k,revacuumed,70,train,montgomery college,2,16094,16057,0.5901507095449379,27271,15,0.9638374549521561,0.698,1.363,0.5121056493030081,scalar
250k,revacuumed,51,train,intramuscular injections,2,54,55,0.001980125407942503,27271,15,0.6851851851851852,0.083,0.086,0.9651162790697676,scalar
250k,revacuumed,280,train,air mattress,2,8672,8671,0.3179934729199516,27271,15,0.9961946494464945,0.414,0.766,0.5404699738903394,scalar
250k,revacuumed,174,train,all funds,2,40031,39748,1.4678963000990062,27271,15,0.9540606030326497,1.472,2.384,0.6174496644295302,scalar
250k,revacuumed,16,train,milwaukee newspaper,2,3651,3644,0.13387847897033478,27271,15,0.8304574089290605,0.235,0.453,0.5187637969094923,scalar
250k,revacuumed,271,heldout,new england aquarium,3,53964,52224,1.9788053243372081,27271,15,0.821714476317545,1.988,2.903,0.6848088184636583,scalar
250k,revacuumed,7,heldout,borders books,2,6814,6785,0.2498624912911151,27271,15,0.8070149691810977,0.358,0.727,0.4924346629986245,scalar
250k,revacuumed,64,train,chicago bulls,2,4201,4195,0.15404642294011955,27271,15,0.9183527731492501,0.247,0.5,0.494,scalar
250k,revacuumed,255,heldout,national security cutter,3,35284,34853,1.2938286091452458,27271,15,0.9056229452443033,1.418,2.261,0.6271561256081379,scalar
250k,revacuumed,248,heldout,becoming a widow,3,220111,214538,8.071247845696893,27271,15,0.9706829735905975,13.662,10.619,1.2865618231471891,scalar
250k,revacuumed,116,train,mid continent airport,3,8986,8914,0.32950753547724687,27271,15,0.7107723124860895,0.544,0.993,0.5478348439073515,scalar
250k,revacuumed,80,train,columbia university,2,27050,26785,0.9918961534230502,27271,15,0.9002218114602588,1.207,2.004,0.6022954091816367,scalar
250k,revacuumed,76,train,flow meter,2,2138,2134,0.07839829855890873,27271,15,0.7100093545369505,0.21,0.33,0.6363636363636364,scalar
250k,revacuumed,279,train,canon powershot,2,632,632,0.02317480107073448,27271,15,0.9968354430379747,0.138,0.184,0.7500000000000001,scalar
250k,revacuumed,159,train,jefferson davis high school,4,45773,43483,1.6784496351435592,27271,15,0.4804360649291067,1.916,2.946,0.6503733876442633,scalar
250k,revacuumed,122,train,john donne,2,15391,15389,0.5643724102526493,27271,15,0.9983107010590605,0.751,1.419,0.529245947850599,scalar
250k,revacuumed,217,train,kansas city kings,3,26255,25991,0.9627443071394521,27271,15,0.8971624452485241,1.216,2.133,0.5700890764181903,scalar
250k,revacuumed,55,heldout,state of louisiana,3,231511,209898,8.489274320706977,27271,15,0.8876511267283196,6.54,4.705,1.3900106269925612,scalar
250k,revacuumed,61,train,sore muscles,2,329,328,0.01206409739283488,27271,15,0.7811550151975684,0.111,0.136,0.8161764705882353,scalar
250k,revacuumed,231,heldout,ugly people,2,17842,17826,0.6542481023798173,27271,15,0.9876695437731196,0.779,1.501,0.518987341772152,scalar
250k,revacuumed,141,train,aishwarya rai,2,202,202,0.0074071357852664,27271,15,0.900990099009901,0.103,0.114,0.9035087719298245,scalar
250k,revacuumed,288,train,power rangers ninja storm,4,9209,9144,0.33768472003226874,27271,15,0.7768487349332175,0.558,1.036,0.5386100386100386,scalar
250k,revacuumed,161,heldout,chicken noodle soup,3,586,586,0.021488027575079754,27271,15,0.6313993174061433,0.136,0.18,0.7555555555555556,scalar
250k,revacuumed,30,heldout,graffiti art,2,7646,7641,0.28037109016904405,27271,15,0.978420088935391,0.415,0.855,0.4853801169590643,scalar
250k,revacuumed,181,heldout,care a lot,3,219213,214414,8.038319093542592,27271,15,0.9746593495823697,6.393,4.292,1.489515377446412,scalar
250k,revacuumed,166,train,home loan,2,18798,18681,0.6893036558982069,27271,15,0.9100436216618789,0.798,1.517,0.5260382333553066,scalar
250k,revacuumed,27,train,texas state legislature,3,30293,29727,1.1108136848667083,27271,15,0.8214769088568316,1.263,2.12,0.595754716981132,scalar
250k,revacuumed,199,train,roundabout theatre,2,3353,3351,0.12295112023761505,27271,15,0.9686847599164927,0.224,0.42,0.5333333333333333,scalar
250k,revacuumed,123,train,evening wear,2,2742,2735,0.10054636793663599,27271,15,0.6356673960612691,0.212,0.369,0.5745257452574526,scalar
250k,revacuumed,151,train,bankruptcy laws,2,2244,2242,0.08228521139672179,27271,15,0.8266488413547237,0.186,0.321,0.5794392523364486,scalar
250k,revacuumed,177,train,edith wharton,2,360,359,0.01320083605295002,27271,15,0.7111111111111111,0.111,0.134,0.8283582089552238,scalar
250k,revacuumed,130,train,hurricane wilma,2,509,509,0.01866451541930989,27271,15,0.9174852652259332,0.119,0.148,0.8040540540540541,scalar
250k,revacuumed,44,train,third trimester,2,15344,15343,0.5626489677679586,27271,15,0.9987617309697602,0.676,1.327,0.5094197437829692,scalar
250k,revacuumed,114,train,national book award,3,50016,47397,1.8340361556231894,27271,15,0.6388755598208573,1.927,2.86,0.6737762237762238,scalar
250k,revacuumed,14,heldout,color combinations,2,2895,2892,0.10615672325913975,27271,15,0.9046632124352332,0.209,0.358,0.5837988826815642,scalar
250k,revacuumed,167,train,cherry blossom,2,556,555,0.020387957904000588,27271,15,0.762589928057554,0.118,0.155,0.7612903225806451,scalar
250k,revacuumed,67,train,philadelphia phillies,2,2525,2523,0.09258919731583,27271,15,0.8982178217821782,0.183,0.306,0.5980392156862745,scalar
250k,revacuumed,17,train,robert green ingersoll,3,11829,11688,0.4337574713065161,27271,15,0.5198241609603517,0.612,1.161,0.5271317829457364,scalar
250k,revacuumed,250,train,centerville high school,3,43618,41694,1.599427963771039,27271,15,0.5041725892979962,1.616,2.56,0.63125,scalar
250k,revacuumed,50,heldout,kasota stone,2,3585,3585,0.13145832569396063,27271,15,0.999442119944212,0.234,0.47,0.49787234042553197,scalar
250k,revacuumed,295,train,united states constitution,3,50070,47424,1.836016281031132,27271,15,0.5144597563411224,1.436,2.369,0.6061629379485014,scalar
250k,revacuumed,142,heldout,trendy clothes,2,644,644,0.02361482893916615,27271,15,0.9503105590062112,0.125,0.164,0.7621951219512195,scalar
250k,revacuumed,73,heldout,tallest trees in the world,5,471511,244835,17.289831689340325,27271,15,0.4764682054077211,10.317,6.724,1.5343545508625818,scalar
250k,revacuumed,143,train,weather underground,2,3182,3171,0.11668072311246379,27271,15,0.5021998742928976,0.275,0.474,0.580168776371308,scalar
250k,revacuumed,171,heldout,wildlife photography,2,2091,2086,0.07667485607421803,27271,15,0.5494978479196556,0.217,0.35,0.62,scalar
250k,revacuumed,34,train,region iv,2,12722,12651,0.4665028785156393,27271,15,0.8755698789498506,0.624,1.131,0.5517241379310345,scalar
250k,revacuumed,251,train,foam mattress,2,154,154,0.005647024311539731,27271,15,0.7857142857142857,0.108,0.129,0.8372093023255813,scalar
250k,revacuumed,104,train,kenosha wisconsin,2,1612,1612,0.059110410325987316,27271,15,0.9851116625310173,0.175,0.268,0.6529850746268656,scalar
250k,revacuumed,210,train,playa del rey,3,2752,2748,0.10091305782699571,27271,15,0.8819040697674418,0.226,0.367,0.6158038147138964,scalar
250k,revacuumed,176,train,john klein,2,15611,15595,0.5724395878405633,27271,15,0.9842418807251297,0.826,1.512,0.5462962962962963,scalar
250k,revacuumed,115,train,back surgery,2,17223,17159,0.6315499981665506,27271,15,0.9426929106427452,0.822,1.597,0.514715090795241,scalar
250k,revacuumed,28,train,spiritual warfare,2,1952,1948,0.07157786659821788,27271,15,0.5993852459016393,0.206,0.329,0.6261398176291793,scalar
250k,revacuumed,175,heldout,zion national park,3,40489,39380,1.4846906970774816,27271,15,0.7892020054829707,1.917,2.645,0.7247637051039698,scalar
250k,revacuumed,53,train,montessori schools,2,5907,5906,0.21660371823548824,27271,15,0.9939055358049771,0.347,0.677,0.5125553914327916,scalar
250k,revacuumed,20,heldout,who dares wins,3,58163,57494,2.1327784092992554,27271,15,0.9484723965407561,2.381,3.141,0.7580388411333969,scalar
250k,revacuumed,163,train,microsoft frontpage,2,519,520,0.019031205309669612,27271,15,0.9865125240847784,0.143,0.184,0.7771739130434782,scalar
250k,revacuumed,219,train,ron keel,2,965,965,0.035385574419713246,27271,15,0.8352331606217617,0.155,0.222,0.6981981981981982,scalar
250k,revacuumed,139,heldout,books on cd,3,122993,119340,4.510028968501339,27271,15,0.9366468010374575,4.028,3.95,1.019746835443038,scalar
250k,revacuumed,145,train,analog computer,2,2785,2782,0.1021231344651828,27271,15,0.9044883303411131,0.242,0.418,0.5789473684210527,scalar
250k,revacuumed,247,train,corpus christi tx,3,545,544,0.019984599024604893,27271,15,0.5266055045871559,0.134,0.16,0.8375,scalar
250k,revacuumed,234,train,internet fraud,2,2256,2254,0.08272523926515346,27271,15,0.8204787234042553,0.207,0.358,0.5782122905027933,scalar
250k,revacuumed,264,train,perfume bottles,2,293,293,0.010744013787539877,27271,15,0.7747440273037542,0.128,0.141,0.9078014184397164,scalar
250k,revacuumed,83,train,international baseball,2,19338,19135,0.7091049099776319,27271,15,0.8395904436860068,1.01,1.896,0.5327004219409283,scalar
250k,revacuumed,272,train,the book of life,4,462223,244133,16.949250119174213,27271,15,0.4860424513708751,8.952,6.45,1.387906976744186,scalar
250k,revacuumed,185,train,david koresh,2,6108,6109,0.22397418503171868,27271,15,0.99950884086444,0.357,0.748,0.47727272727272724,scalar
250k,revacuumed,273,train,rolex watches,2,279,279,0.010230647941036265,27271,15,0.8673835125448028,0.134,0.15,0.8933333333333334,scalar
250k,revacuumed,90,train,good luck,2,7914,7901,0.2901983792306846,27271,15,0.9427596664139499,0.472,0.92,0.5130434782608695,scalar
250k,revacuumed,299,heldout,google satellite,2,1385,1383,0.050786549814821606,27271,15,0.7299638989169676,0.169,0.252,0.6706349206349207,scalar
250k,revacuumed,164,train,camp claiborne,2,2788,2788,0.10223314143229072,27271,15,0.9824246771879483,0.242,0.41,0.5902439024390244,scalar
250k,revacuumed,149,heldout,big boss man,3,15443,15198,0.5662791976825199,27271,15,0.6038982063070647,0.804,1.521,0.5285996055226825,scalar
250k,revacuumed,293,train,jamie murray,2,1199,1199,0.04396611785413076,27271,15,0.6864053377814846,0.17,0.254,0.6692913385826772,scalar
250k,revacuumed,206,train,tennis elbow,2,1451,1451,0.053206703091195774,27271,15,0.9042039972432805,0.172,0.266,0.6466165413533834,scalar
250k,revacuumed,190,train,kristanna loken,2,4,3,0.0001466759561438891,27271,15,0.75,0.027,0.028,0.9642857142857143,scalar
250k,revacuumed,287,heldout,central community college,3,39926,37836,1.464046056250229,27271,15,0.3885187597054551,1.823,2.863,0.63674467341949,scalar
250k,revacuumed,237,heldout,university of akron,3,229984,209656,8.433280774449049,27271,15,0.89354476833171,7.114,4.953,1.436301231576822,scalar
250k,revacuumed,58,train,lord of the rings,4,433524,243696,15.896886802830846,27271,15,0.518218137865493,18.596,14.1,1.3188652482269505,scalar
250k,revacuumed,226,train,hsbc bank,2,3928,3928,0.1440357889332991,27271,15,0.9926171079429735,0.295,0.532,0.5545112781954886,scalar
250k,revacuumed,198,heldout,automatic writing,2,5602,5585,0.2054196765795167,27271,15,0.8445198143520172,0.377,0.73,0.5164383561643836,scalar
250k,revacuumed,6,train,plus size clothing,3,7198,7142,0.26394338308092846,27271,15,0.6240622395109753,0.475,0.86,0.5523255813953488,scalar
250k,revacuumed,39,heldout,most improved player,3,45984,44035,1.6861867918301492,27271,15,0.6782576548364648,2.023,2.965,0.6822934232715009,scalar
250k,revacuumed,69,train,naomi wallace,2,652,652,0.023908180851453926,27271,15,0.8006134969325154,0.145,0.191,0.7591623036649214,scalar
250k,revacuumed,221,train,open source software,3,14741,14503,0.5405375673792674,27271,15,0.5972457770843226,0.797,1.475,0.5403389830508475,scalar
250k,revacuumed,68,heldout,trans siberian orchestra,3,2078,2074,0.0761981592167504,27271,15,0.6732435033686237,0.236,0.376,0.6276595744680851,scalar
250k,revacuumed,152,train,antonio cromartie,2,1638,1638,0.06006380404092259,27271,15,0.996947496947497,0.175,0.28,0.6249999999999999,scalar
250k,revacuumed,259,train,rob halford,2,695,695,0.025484947380000733,27271,15,0.9683453237410072,0.142,0.19,0.7473684210526315,scalar
250k,revacuumed,134,train,jaguar x type,3,9541,9456,0.3498588243922115,27271,15,0.6417566292841421,0.585,1.059,0.5524079320113314,scalar
250k,revacuumed,229,train,the progressive,2,225969,224781,8.28605478346962,27271,15,0.9942071700100457,6.601,4.309,1.5319099559062428,scalar
250k,revacuumed,89,heldout,york photo,2,12811,12774,0.46976641853984086,27271,15,0.9405979236593552,0.662,1.292,0.5123839009287926,scalar
250k,revacuumed,31,train,texas death row,3,18710,18401,0.6860767848630414,27271,15,0.7169428113308391,0.983,1.694,0.5802833530106257,scalar
250k,revacuumed,47,train,japan airlines,2,7350,7338,0.26951706941439624,27271,15,0.9408163265306122,0.408,0.731,0.5581395348837209,scalar
250k,revacuumed,242,heldout,round table,2,9812,9740,0.35979612042096,27271,15,0.7531593966571545,0.538,1.015,0.530049261083744,scalar
250k,revacuumed,283,train,george r brown convention center,5,33031,31382,1.2112133768472004,27271,15,0.2757712451939088,1.725,2.839,0.6076083127861923,scalar
250k,revacuumed,41,heldout,mercury insurance,2,1473,1471,0.054013420849987163,27271,15,0.7175831636116768,0.176,0.267,0.6591760299625468,scalar
250k,revacuumed,60,train,long legs,2,18532,18433,0.6795497048146383,27271,15,0.9223505288150227,0.866,1.639,0.5283709579011593,scalar
250k,revacuumed,138,heldout,little brown jug,3,14361,14158,0.5266033515455979,27271,15,0.5860316133973957,0.759,1.428,0.5315126050420168,scalar
250k,revacuumed,201,train,the garden of eden,4,432463,243679,15.85798100546368,27271,15,0.5194895285839483,8.747,5.978,1.463198394111743,scalar
250k,revacuumed,296,heldout,niceville high school,3,43591,41672,1.5984379010670675,27271,15,0.5044848707301967,1.763,2.721,0.6479235575156193,scalar
250k,revacuumed,117,train,developmental delays,2,649,649,0.02379817388434601,27271,15,0.5069337442218799,0.138,0.186,0.7419354838709679,scalar
250k,revacuumed,33,train,interest only,2,41104,40359,1.5072421253346044,27271,15,0.8752432853250292,1.677,2.599,0.64524817237399,scalar
250k,revacuumed,1,train,the,1,224660,224660,8.238055076821531,27271,15,1.0,5.213,3.569,1.460633230596806,scalar
250k,revacuumed,3,train,bowel obstruction,2,155,155,0.005683693300575703,27271,15,0.6645161290322581,0.117,0.124,0.9435483870967742,scalar
250k,revacuumed,300,train,laborers international union of north america,6,261036,214208,9.57192622199406,27271,15,0.7872515668336935,17.219,10.404,1.655036524413687,scalar
250k,revacuumed,82,train,american south,2,54633,51634,2.0033368780022736,27271,15,0.535280874196914,2.285,3.205,0.7129485179407177,scalar
250k,revacuumed,48,heldout,freedom tower,2,4613,4592,0.16915404642294013,27271,15,0.5523520485584219,0.346,0.65,0.5323076923076923,scalar
250k,revacuumed,10,train,wisconsin attorney general,3,17861,17660,0.6549448131715009,27271,15,0.8188231342030121,0.94,1.717,0.547466511357018,scalar
250k,revacuumed,35,heldout,army reserve,2,11557,11450,0.4237835062887316,27271,15,0.728649303452453,0.615,1.208,0.5091059602649006,scalar
250k,revacuumed,106,train,cheap hotels,2,903,902,0.03311209709948297,27271,15,0.627906976744186,0.164,0.227,0.7224669603524229,scalar
250k,revacuumed,49,train,virginia usa,2,7367,7312,0.27014044222800776,27271,15,0.5384824216098819,0.46,0.855,0.5380116959064328,scalar
250k,revacuumed,172,train,david kim,2,6845,6827,0.25099922995123025,27271,15,0.8918918918918919,0.404,0.792,0.51010101010101,scalar
250k,revacuumed,74,heldout,reading museum,2,6794,6755,0.24912911151039566,27271,15,0.6929643803355903,0.41,0.82,0.5,scalar
250k,revacuumed,121,heldout,bmw engines,2,1261,1260,0.04623959517436104,27271,15,0.8699444885011896,0.17,0.253,0.6719367588932806,scalar
250k,revacuumed,158,train,little cars,2,9939,9887,0.3644530820285285,27271,15,0.8467652681356274,0.535,1.063,0.5032925682031986,scalar
250k,revacuumed,12,train,freelance work,2,20003,19972,0.7334897876865535,27271,15,0.9808028795680648,0.954,1.775,0.5374647887323943,scalar
250k,revacuumed,162,train,music stands,2,14434,14318,0.5292801877452239,27271,15,0.8353193847859222,0.745,1.425,0.5228070175438596,scalar
250k,revacuumed,125,heldout,critical care nurse,3,7016,6960,0.2572696270763815,27271,15,0.4848916761687571,0.432,0.836,0.5167464114832536,scalar
250k,revacuumed,207,heldout,kidney transplant,2,375,374,0.013750870888489605,27271,15,0.6906666666666667,0.121,0.156,0.7756410256410257,scalar
250k,revacuumed,265,heldout,old photos,2,14625,14592,0.5362839646510946,27271,15,0.9604102564102565,0.71,1.335,0.5318352059925093,scalar
250k,revacuumed,188,train,justin timberlake,2,499,498,0.018297825528950165,27271,15,0.9438877755511023,0.135,0.168,0.8035714285714286,scalar
250k,revacuumed,236,train,new jersey police,3,50866,49665,1.865204796303766,27271,15,0.8717610977863406,1.97,3.002,0.6562291805463025,scalar
250k,revacuumed,228,train,mushroom kingdom,2,5888,5885,0.21590700744380478,27271,15,0.9758831521739131,0.338,0.665,0.5082706766917293,scalar
250k,revacuumed,21,train,west palm beach florida,4,24271,23770,0.8899930328920832,27271,15,0.7409665856371802,1.198,2.051,0.584105314480741,scalar
250k,revacuumed,100,train,fatherless children,2,10969,10968,0.40222214073557994,27271,15,0.9990883398668976,0.571,1.122,0.5089126559714794,scalar
250k,revacuumed,99,heldout,st petersburg high school,4,60567,55747,2.220930658941733,27271,15,0.3630855086102993,2.388,3.407,0.7009098914000587,scalar
250k,revacuumed,298,train,true religion,2,4916,4893,0.18026475010083973,27271,15,0.6442229454841334,0.326,0.619,0.5266558966074314,scalar
250k,revacuumed,196,train,bass fishing,2,2829,2821,0.10373656998276558,27271,15,0.5309296571226582,0.243,0.386,0.6295336787564767,scalar
250k,revacuumed,203,heldout,the daily breeze,3,228053,224973,8.362472956620586,27271,15,0.9851218795630841,7.129,4.557,1.5644064077243798,scalar
250k,revacuumed,292,train,david thornton,2,6286,6282,0.23050126508012175,27271,15,0.9712058542793509,0.392,0.745,0.5261744966442953,scalar
250k,revacuumed,71,heldout,belcourt castle,2,2332,2332,0.08551208243188735,27271,15,0.9982847341337907,0.213,0.362,0.5883977900552486,scalar
250k,revacuumed,32,train,catholic answers,2,4630,4623,0.16977741923655165,27271,15,0.9183585313174946,0.312,0.569,0.5483304042179262,scalar
250k,revacuumed,88,train,american academy of child and adolescent psychiatry,7,427561,238171,15.678229621209343,27271,15,0.4806355116579856,10.316,6.764,1.5251330573625075,scalar
250k,revacuumed,94,train,xena warrior princess,3,1551,1550,0.056873601994793,27271,15,0.6892327530625403,0.21,0.338,0.621301775147929,scalar
250k,revacuumed,105,train,false prophets,2,1096,1096,0.040189211983425614,27271,15,0.9114963503649635,0.158,0.231,0.6839826839826839,scalar
250k,revacuumed,253,train,farmers almanac,2,1150,1149,0.04216933739136812,27271,15,0.9582608695652174,0.162,0.241,0.6721991701244814,scalar
250k,revacuumed,284,heldout,warren county,2,17805,17751,0.6528913497854865,27271,15,0.9555742768885145,0.864,1.543,0.5599481529488011,scalar
250k,revacuumed,294,train,boulder city nevada,3,24516,24424,0.8989769352058964,27271,15,0.9608011094795236,1.232,2.111,0.5836096636665087,scalar
250k,revacuumed,137,train,dexter michigan,2,2305,2303,0.0845220197279161,27271,15,0.8711496746203905,0.212,0.36,0.5888888888888889,scalar
250k,revacuumed,29,train,georgia public broadcasting,3,18361,18102,0.673279307689487,27271,15,0.7693480747235989,0.964,1.807,0.533480907581627,scalar
250k,revacuumed,223,heldout,los angeles daily news,4,15894,15518,0.5828169117377434,27271,15,0.2904240593934818,1.811,3.61,0.5016620498614959,scalar
250k,revacuumed,18,train,omaha symphony,2,944,942,0.03461552564995783,27271,15,0.6779661016949152,0.363,0.553,0.6564195298372513,scalar
250k,revacuumed,65,train,child support,2,13032,12882,0.4778702651167907,27271,15,0.6761817065684469,0.699,1.356,0.5154867256637168,scalar
250k,revacuumed,261,train,medal of honor,3,213876,206912,7.842616699057607,27271,15,0.9608417961809647,6.708,4.623,1.4510058403634003,scalar
250k,revacuumed,275,train,general motors,2,15017,14994,0.5506582083531957,27271,15,0.9738962509156289,0.766,1.48,0.5175675675675676,scalar
250k,revacuumed,238,train,the news journal,3,232142,225346,8.512412452788677,27271,15,0.9677697271497618,7.153,4.604,1.5536490008688095,scalar
250k,revacuumed,289,heldout,movie theatres,2,3753,3747,0.13761871585200397,27271,15,0.8910205169197974,0.258,0.485,0.5319587628865979,scalar
250k,revacuumed,218,heldout,new haven,2,44998,44880,1.6500311686406806,27271,15,0.9854437975021112,1.714,2.562,0.669008587041374,scalar
250k,revacuumed,286,train,david lee roth,3,8673,8608,0.3180301419089876,27271,15,0.7039086821169146,0.478,0.946,0.5052854122621565,scalar
250k,revacuumed,258,heldout,usb hub,2,595,594,0.021818048476403507,27271,15,0.8302521008403362,0.129,0.158,0.8164556962025317,scalar
250k,revacuumed,281,train,pocket pc,2,1112,1111,0.040775915808001176,27271,15,0.5269784172661871,0.141,0.207,0.681159420289855,scalar
250k,revacuumed,15,heldout,italian translation,2,6756,6727,0.2477356899270287,27271,15,0.8037300177619894,0.433,0.814,0.5319410319410319,scalar
250k,revacuumed,102,heldout,law dictionary,2,9101,9086,0.3337244692163837,27271,15,0.9550598835292825,0.452,0.92,0.49130434782608695,scalar
250k,revacuumed,208,heldout,us coast guard,3,16481,16150,0.6043416083018591,27271,15,0.48176688307748317,0.823,1.528,0.5386125654450261,scalar
250k,revacuumed,36,train,chicken coop,2,436,436,0.015987679219683915,27271,15,0.8486238532110092,0.13,0.155,0.8387096774193549,scalar
250k,revacuumed,147,heldout,food carts,2,4043,4042,0.14825272267243592,27271,15,0.9804600544150384,0.257,0.459,0.5599128540305011,scalar
250k,revacuumed,184,heldout,personal chef,2,8433,8424,0.3092295845403542,27271,15,0.967627178939879,0.471,0.882,0.5340136054421768,scalar
250k,revacuumed,37,train,people having sex,3,30974,29953,1.1357852664002053,27271,15,0.5689287789759153,1.284,2.186,0.5873741994510522,scalar
250k,revacuumed,168,train,miami dade college,3,16767,16687,0.6148289391661472,27271,15,0.925150593427566,0.766,1.445,0.5301038062283737,scalar
250k,revacuumed,170,train,naked news,2,5152,5142,0.1889186315133292,27271,15,0.8959627329192547,0.31,0.598,0.5183946488294314,scalar
250k,revacuumed,97,heldout,elliott smith,2,3329,3325,0.12207106450075171,27271,15,0.8891559026734756,0.219,0.41,0.5341463414634147,scalar
250k,revacuumed,179,heldout,milan tennessee,2,2556,2550,0.09372593597594514,27271,15,0.6220657276995305,0.198,0.345,0.5739130434782609,scalar
250k,revacuumed,195,heldout,zip code,2,2485,2482,0.0911224377543911,27271,15,0.90261569416499,0.183,0.331,0.552870090634441,scalar
250k,revacuumed,81,train,fluid power,2,7609,7595,0.27901433757471306,27271,15,0.9402023919043239,0.484,0.905,0.5348066298342541,scalar
250k,revacuumed,24,train,ford modeling agency,3,4150,4133,0.15217630449928496,27271,15,0.6313253012048192,0.35,0.627,0.5582137161084529,scalar
250k,revacuumed,40,train,ear ache,2,562,561,0.02060797183821642,27271,15,0.9572953736654805,0.139,0.18,0.7722222222222224,scalar
250k,revacuumed,98,train,heart disease,2,5969,5937,0.21887719555571852,27271,15,0.6460043558384989,0.376,0.72,0.5222222222222223,scalar
250k,revacuumed,19,heldout,body painting,2,8948,8893,0.32811411389387996,27271,15,0.7856504246759052,0.447,0.93,0.4806451612903226,scalar
250k,revacuumed,124,train,toxic encephalopathy,2,399,399,0.014630926625352939,27271,15,0.9398496240601504,0.135,0.157,0.8598726114649682,scalar
